R,Key.enter,1719247387399521000
P,'f',1719247393104488000
R,'f',1719247393153424000
P,'a',1719247393256608000
R,'a',1719247393336832000
P,Key.enter,1719247394433998000
R,Key.enter,1719247394502872000
P,'f',1719247414411740000
R,'f',1719247414483650000
P,'d',1719247414822150000
R,'d',1719247414903468000
P,'p',1719247415127034000
R,'p',1719247415211770000
P,'1',1719247415691848000
R,'1',1719247415767626000
P,'s',1719247419763843000
R,'s',1719247419848307000
P,'o',1719247420034699000
R,'o',1719247420149319000
P,'c',1719247420244288000
R,'c',1719247420330824000
P,'i',1719247420336765000
R,'i',1719247420445381000
P,'a',1719247420553224000
R,'a',1719247420630467000
P,'l',1719247420678684000
R,'l',1719247420765082000
P,Key.shift,1719247421013570000
P,'@',1719247421363331000
R,Key.shift,1719247421445045000
R,'2',1719247421472996000
P,'g',1719247421770951000
R,'g',1719247421836516000
P,'m',1719247421903486000
R,'m',1719247421994623000
P,'a',1719247422037935000
P,'i',1719247422126803000
R,'a',1719247422136276000
R,'i',1719247422204936000
P,'l',1719247422259897000
R,'l',1719247422342142000
P,'.',1719247422547997000
R,'.',1719247422669749000
P,'c',1719247422745180000
P,'o',1719247422775037000
R,'c',1719247422822512000
R,'o',1719247422904956000
P,'m',1719247422939371000
R,'m',1719247423053025000
P,Key.shift,1719247425215606000
P,'S',1719247425481381000
R,Key.shift,1719247425548275000
R,'s',1719247425616436000
P,'o',1719247425714174000
R,'o',1719247425786558000
P,'c',1719247425897834000
R,'c',1719247425964557000
P,'i',1719247426355305000
R,'i',1719247426462371000
P,'a',1719247426631943000
R,'a',1719247426710079000
P,Key.shift,1719247428733590000
R,Key.shift,1719247429090532000
P,Key.shift,1719247432532634000
R,Key.shift,1719247433151177000
P,Key.media_volume_down,1719247459018210000
R,Key.media_volume_down,1719247459068475000
P,Key.shift,1719247585695855000
P,'T',1719247585866480000
R,Key.shift,1719247585933984000
P,'h',1719247585956922000
R,'t',1719247585958048000
R,'h',1719247586026702000
P,'e',1719247586088999000
R,'e',1719247586175889000
P,Key.space,1719247586200087000
R,Key.space,1719247586330653000
P,Key.backspace,1719247587411184000
R,Key.backspace,1719247587508392000
P,Key.backspace,1719247587616670000
R,Key.backspace,1719247587710331000
P,Key.backspace,1719247587830981000
R,Key.backspace,1719247587876058000
P,Key.backspace,1719247588575568000
R,Key.backspace,1719247588635386000
P,Key.shift,1719247589480061000
P,'T',1719247590160968000
R,'T',1719247590273317000
R,Key.shift,1719247590328213000
P,'h',1719247590344514000
R,'h',1719247590431389000
P,'e',1719247590995755000
R,'e',1719247591067358000
P,Key.space,1719247591150694000
R,Key.space,1719247591250504000
P,Key.backspace,1719247598007631000
R,Key.backspace,1719247598091585000
P,Key.backspace,1719247598241231000
R,Key.backspace,1719247598350189000
P,Key.backspace,1719247598500311000
R,Key.backspace,1719247598589886000
P,Key.backspace,1719247598833836000
R,Key.backspace,1719247598934536000
P,Key.shift,1719247601726379000
P,'T',1719247602631948000
R,Key.shift,1719247602742002000
P,'h',1719247602758203000
R,'t',1719247602764623000
R,'h',1719247602844028000
P,'e',1719247602914146000
R,'e',1719247602981003000
P,Key.space,1719247603026528000
R,Key.space,1719247603150766000
P,Key.backspace,1719247605080992000
R,Key.backspace,1719247605215852000
P,Key.backspace,1719247605350812000
R,Key.backspace,1719247605444176000
P,Key.backspace,1719247605567136000
R,Key.backspace,1719247605635177000
P,Key.backspace,1719247605919777000
R,Key.backspace,1719247606016025000
P,Key.shift,1719247606272185000
R,Key.shift,1719247606992483000
P,Key.shift,1719247607217152000
R,Key.shift,1719247609315297000
P,Key.shift,1719247609649209000
P,'T',1719247610933727000
R,Key.shift,1719247611099521000
R,'t',1719247611100621000
P,'h',1719247611106784000
R,'h',1719247611201301000
P,'e',1719247611284858000
R,'e',1719247611350614000
P,Key.space,1719247611356794000
R,Key.space,1719247611477815000
P,Key.backspace,1719247611952660000
R,Key.backspace,1719247612044310000
P,Key.backspace,1719247612143404000
R,Key.backspace,1719247612259515000
P,Key.backspace,1719247612340788000
R,Key.backspace,1719247612427604000
P,Key.backspace,1719247612518736000
R,Key.backspace,1719247612622766000
P,Key.shift,1719247614066994000
R,Key.shift,1719247614414779000
P,Key.shift,1719247614710280000
R,Key.shift,1719247615319343000
P,Key.shift,1719247616720301000
R,Key.shift,1719247616983646000
P,Key.shift,1719247617285411000
R,Key.shift,1719247617605123000
P,Key.shift,1719247618210256000
R,Key.shift,1719247618460773000
P,Key.shift,1719247619400689000
R,Key.shift,1719247621100255000
P,Key.shift,1719247622417279000
R,Key.shift,1719247622649574000
P,Key.shift,1719247640136521000
P,'I',1719247640372896000
R,Key.shift,1719247640446232000
R,'i',1719247640464736000
P,'t',1719247640535590000
R,'t',1719247640598261000
P,"""'""",1719247641376718000
P,'s',1719247641465786000
R,"""'""",1719247641502120000
R,'s',1719247641556940000
P,Key.space,1719247641557821000
R,Key.space,1719247641674487000
P,'h',1719247642760704000
R,'h',1719247642834586000
P,'e',1719247643018731000
R,'e',1719247643084168000
P,'a',1719247643204825000
R,'a',1719247643269186000
P,'r',1719247643389253000
R,'r',1719247643447198000
P,'t',1719247643567699000
R,'t',1719247643616058000
P,'w',1719247643817064000
R,'w',1719247643885313000
P,'a',1719247644023381000
R,'a',1719247644103144000
P,'r',1719247644234064000
R,'r',1719247644303606000
P,'m',1719247644376225000
R,'m',1719247644484127000
P,'i',1719247644568848000
R,'i',1719247644673982000
P,'n',1719247644756360000
R,'n',1719247644834773000
P,'g',1719247644923875000
R,'g',1719247644992827000
P,Key.space,1719247645022773000
R,Key.space,1719247645123247000
P,'h',1719247645650138000
R,'h',1719247645736668000
P,'o',1719247645806630000
P,'w',1719247645907549000
R,'o',1719247645910506000
R,'w',1719247646002245000
P,Key.space,1719247646003341000
R,Key.space,1719247646102486000
P,'t',1719247646209988000
P,'h',1719247646273589000
R,'t',1719247646276952000
R,'h',1719247646377931000
P,'e',1719247646483110000
R,'e',1719247646558070000
P,Key.space,1719247646585616000
R,Key.space,1719247646685563000
P,'p',1719247647242340000
R,'p',1719247647339948000
P,'l',1719247647471498000
R,'l',1719247647563428000
P,'a',1719247647575033000
R,'a',1719247647659835000
P,'y',1719247647784201000
R,'y',1719247647865610000
P,'e',1719247647960815000
P,'r',1719247648040566000
R,'e',1719247648076307000
R,'r',1719247648125902000
P,'s',1719247648253283000
R,'s',1719247648343595000
P,Key.space,1719247648400574000
R,Key.space,1719247648506650000
P,'r',1719247649858197000
P,'e',1719247649903934000
R,'r',1719247649952094000
R,'e',1719247650009836000
P,'a',1719247650132785000
R,'a',1719247650203137000
P,'l',1719247650344402000
R,'l',1719247650419815000
P,'l',1719247650502402000
R,'l',1719247650588699000
P,'y',1719247650594380000
R,'y',1719247650657782000
P,Key.space,1719247650732838000
R,Key.space,1719247650838312000
P,'u',1719247651181319000
R,'u',1719247651273379000
P,'n',1719247651382283000
R,'n',1719247651464169000
P,'d',1719247651574691000
R,'d',1719247651675619000
P,'e',1719247651680946000
P,'r',1719247651799384000
R,'e',1719247651841797000
R,'r',1719247651882140000
P,'t',1719247652000506000
R,'t',1719247652065934000
P,'a',1719247652723707000
R,'a',1719247652796140000
P,'k',1719247652866808000
R,'k',1719247652968342000
P,'e',1719247652982819000
R,'e',1719247653064940000
P,Key.space,1719247653126360000
R,Key.space,1719247653241072000
P,'t',1719247653290025000
R,'t',1719247653356839000
P,'h',1719247653398589000
R,'h',1719247653468300000
P,'e',1719247653488919000
R,'e',1719247653567730000
P,Key.space,1719247653602616000
R,Key.space,1719247653693017000
P,'a',1719247653836460000
R,'a',1719247653904592000
P,'d',1719247654040723000
R,'d',1719247654092340000
P,'v',1719247654225558000
R,'v',1719247654290362000
P,'i',1719247654343963000
R,'i',1719247654451254000
P,'c',1719247654531945000
P,'e',1719247654644545000
R,'c',1719247654688332000
R,'e',1719247654743425000
P,Key.space,1719247654761319000
R,Key.space,1719247654864486000
P,'o',1719247654957551000
R,'o',1719247655059152000
P,'f',1719247655115718000
R,'f',1719247655194220000
P,Key.space,1719247655227087000
R,Key.space,1719247655324362000
P,'t',1719247655366463000
R,'t',1719247655431462000
P,'h',1719247655466692000
R,'h',1719247655566859000
P,'e',1719247655574614000
R,'e',1719247655660512000
P,Key.space,1719247655701504000
R,Key.space,1719247655808092000
P,'c',1719247656049935000
R,'c',1719247656118251000
P,'o',1719247656124515000
R,'o',1719247656233747000
P,'a',1719247656347835000
R,'a',1719247656414171000
P,'c',1719247656583806000
R,'c',1719247656651042000
P,'h',1719247656715340000
R,'h',1719247656783056000
P,"','",1719247657016142000
R,"','",1719247657093620000
P,Key.space,1719247657249391000
R,Key.space,1719247657316921000
P,'a',1719247657466334000
R,'a',1719247657534944000
P,'n',1719247657546929000
R,'n',1719247657656168000
P,'d',1719247657684160000
R,'d',1719247657752557000
P,Key.space,1719247657768722000
R,Key.space,1719247657885927000
P,Key.backspace,1719247658816445000
R,Key.backspace,1719247659165153000
P,Key.backspace,1719247659391918000
R,Key.backspace,1719247659483641000
P,Key.backspace,1719247659589746000
P,Key.backspace,1719247660086012000
P,Key.backspace,1719247660168474000
P,Key.backspace,1719247660256736000
P,Key.backspace,1719247660339491000
P,Key.backspace,1719247660419383000
P,Key.backspace,1719247660507353000
P,Key.backspace,1719247660592949000
P,Key.backspace,1719247660675734000
P,Key.backspace,1719247660757195000
P,Key.backspace,1719247660841090000
P,Key.backspace,1719247660924217000
P,Key.backspace,1719247661006132000
P,Key.backspace,1719247661091976000
P,Key.backspace,1719247661172862000
P,Key.backspace,1719247661256557000
P,Key.backspace,1719247661338903000
P,Key.backspace,1719247661422527000
P,Key.backspace,1719247661506767000
P,Key.backspace,1719247661590959000
P,Key.backspace,1719247661673316000
R,Key.backspace,1719247661740140000
P,Key.backspace,1719247661874011000
R,Key.backspace,1719247661953032000
P,Key.backspace,1719247662050296000
R,Key.backspace,1719247662126625000
P,Key.backspace,1719247662225423000
R,Key.backspace,1719247662286045000
P,Key.space,1719247662639348000
R,Key.space,1719247662724916000
P,Key.backspace,1719247663701437000
R,Key.backspace,1719247663790187000
P,'i',1719247664197788000
R,'i',1719247664292452000
P,'r',1719247664310694000
R,'r',1719247664389928000
P,Key.space,1719247664445105000
R,Key.space,1719247664547507000
P,'t',1719247664716613000
R,'t',1719247664783369000
P,'a',1719247664986412000
P,'s',1719247665109938000
R,'a',1719247665157671000
R,'s',1719247665214512000
P,'k',1719247665275925000
R,'k',1719247665358976000
P,Key.space,1719247665447929000
R,Key.space,1719247665557869000
P,'a',1719247665593415000
R,'a',1719247665661183000
P,'n',1719247665691811000
R,'n',1719247665784519000
P,Key.backspace,1719247666017034000
R,Key.backspace,1719247666139306000
P,'t',1719247666185638000
R,'t',1719247666239667000
P,Key.space,1719247666279561000
R,Key.space,1719247666377675000
P,'h',1719247666522820000
R,'h',1719247666586510000
P,'a',1719247666653507000
R,'a',1719247666719236000
P,'n',1719247666751949000
R,'n',1719247666842175000
P,'d',1719247666892330000
R,'d',1719247666969457000
P,"','",1719247667051784000
R,"','",1719247667141411000
P,Key.space,1719247667283188000
R,Key.space,1719247667374802000
P,'i',1719247667617801000
R,'i',1719247667722054000
P,Key.backspace,1719247667982388000
R,Key.backspace,1719247668066239000
P,'a',1719247668268424000
R,'a',1719247668334277000
P,'n',1719247668382560000
R,'n',1719247668469870000
P,'d',1719247668602400000
R,'d',1719247668667681000
P,Key.space,1719247668684714000
R,Key.space,1719247668800861000
P,'t',1719247670001201000
R,'t',1719247670091639000
P,'o',1719247670836231000
R,'o',1719247670933748000
P,Key.space,1719247671009407000
R,Key.space,1719247671135000000
P,'s',1719247671233394000
R,'s',1719247671326413000
P,'e',1719247671436342000
R,'e',1719247671490381000
P,'e',1719247671573977000
R,'e',1719247671658071000
P,Key.space,1719247671716074000
R,Key.space,1719247671826366000
P,'h',1719247672082397000
R,'h',1719247672174582000
P,'o',1719247672257285000
R,'o',1719247672368107000
P,'w',1719247672377523000
P,Key.space,1719247672477898000
R,'w',1719247672498954000
R,Key.space,1719247672601872000
P,'t',1719247674457838000
R,'t',1719247674534486000
P,'h',1719247674601621000
R,'h',1719247674686534000
P,'e',1719247675758884000
R,'e',1719247675842715000
P,'r',1719247676570265000
P,'e',1719247676636033000
R,'r',1719247676692449000
R,'e',1719247676752992000
P,Key.space,1719247676775234000
R,Key.space,1719247676876784000
P,'i',1719247677191972000
R,'i',1719247677308840000
P,'s',1719247677330646000
R,'s',1719247677423846000
P,Key.space,1719247677447351000
R,Key.space,1719247677561578000
P,'a',1719247677683592000
R,'a',1719247677744984000
P,Key.space,1719247677765576000
R,Key.space,1719247677883328000
P,'t',1719247678484589000
P,'r',1719247678569935000
R,'t',1719247678625134000
R,'r',1719247678689576000
P,'u',1719247678777045000
R,'u',1719247678868577000
P,'s',1719247678925179000
R,'s',1719247678991380000
P,'t',1719247679168194000
P,'i',1719247679185459000
R,'t',1719247679205536000
R,'i',1719247679281422000
P,'n',1719247679344590000
R,'n',1719247679432871000
P,'g',1719247679468404000
R,'g',1719247679533558000
P,Key.space,1719247679551864000
R,Key.space,1719247679643354000
P,'r',1719247679979895000
P,'e',1719247680041662000
R,'r',1719247680090703000
R,'e',1719247680142382000
P,'l',1719247680200281000
R,'l',1719247680309818000
P,'a',1719247680338841000
R,'a',1719247680393122000
P,'t',1719247680569031000
P,'i',1719247680617806000
R,'t',1719247680624997000
P,'o',1719247680698294000
R,'i',1719247680754723000
R,'o',1719247680824936000
P,'n',1719247680857447000
R,'n',1719247680957429000
P,'s',1719247681085462000
R,'s',1719247681145065000
P,'h',1719247681167073000
R,'h',1719247681257814000
P,'i',1719247681375074000
R,'i',1719247681476658000
P,'p',1719247681541103000
R,'p',1719247681650929000
P,Key.space,1719247681669881000
R,Key.space,1719247681783413000
P,'b',1719247682176087000
R,'b',1719247682265275000
P,'u',1719247682361484000
R,'u',1719247682510850000
P,'i',1719247682523508000
R,'i',1719247682609012000
P,'l',1719247682733418000
R,'l',1719247682834393000
P,'t',1719247682878382000
R,'t',1719247682940212000
P,Key.space,1719247682999148000
R,Key.space,1719247683109183000
P,'b',1719247683391667000
R,'b',1719247683476262000
P,'e',1719247683483735000
R,'e',1719247683532250000
P,'t',1719247683672455000
R,'t',1719247683734327000
P,'w',1719247683844282000
P,'e',1719247683930709000
R,'w',1719247683969372000
R,'e',1719247684000022000
P,'e',1719247684075323000
R,'e',1719247684152261000
P,'n',1719247684194868000
R,'n',1719247684281461000
P,Key.space,1719247684381442000
R,Key.space,1719247684475241000
P,Key.backspace,1719247685401125000
R,Key.backspace,1719247685499534000
P,Key.backspace,1719247685609570000
R,Key.backspace,1719247685675904000
P,Key.backspace,1719247685907783000
R,Key.backspace,1719247686031198000
P,'e',1719247686992194000
R,'e',1719247687056978000
P,'n',1719247687184738000
R,'n',1719247687262983000
P,Key.space,1719247687389928000
R,Key.space,1719247687459620000
P,'t',1719247687682328000
R,'t',1719247687744442000
P,'h',1719247687776682000
R,'h',1719247687850757000
P,'e',1719247687935959000
R,'e',1719247688022965000
P,Key.space,1719247688045699000
R,Key.space,1719247688134542000
P,'c',1719247688218388000
R,'c',1719247688288748000
P,'o',1719247688330293000
R,'o',1719247688432380000
P,'a',1719247688864554000
R,'a',1719247688933968000
P,'c',1719247689090415000
R,'c',1719247689168297000
P,'h',1719247689170583000
R,'h',1719247689249239000
P,'e',1719247689317514000
R,'e',1719247689380520000
P,'s',1719247689518528000
R,'s',1719247689584811000
P,Key.space,1719247689616289000
R,Key.space,1719247689709754000
P,'a',1719247689749464000
R,'a',1719247689826976000
P,'n',1719247689884132000
P,'d',1719247689966208000
R,'n',1719247689974505000
R,'d',1719247690044394000
P,Key.space,1719247690065174000
R,Key.space,1719247690176617000
P,'t',1719247690342626000
R,'t',1719247690408101000
P,'h',1719247690430724000
R,'h',1719247690509653000
P,'e',1719247690522069000
R,'e',1719247690607714000
P,Key.space,1719247690626132000
R,Key.space,1719247690716034000
P,'p',1719247690850542000
R,'p',1719247690933936000
P,'l',1719247691042834000
R,'l',1719247691141195000
P,'a',1719247691166968000
R,'a',1719247691264589000
P,'y',1719247691309046000
R,'y',1719247691411504000
P,'w',1719247691584771000
P,'e',1719247691591769000
P,'r',1719247691625401000
R,'e',1719247691651916000
R,'w',1719247691664091000
R,'r',1719247691741639000
P,Key.backspace,1719247692124842000
R,Key.backspace,1719247692190872000
P,Key.backspace,1719247692275190000
R,Key.backspace,1719247692361442000
P,Key.backspace,1719247692567323000
R,Key.backspace,1719247692655898000
P,'e',1719247692725301000
P,'r',1719247692809827000
R,'e',1719247692849912000
R,'r',1719247692898203000
P,'s',1719247693034465000
R,'s',1719247693118888000
P,'.',1719247693126041000
R,'.',1719247693225223000
P,Key.space,1719247693387899000
R,Key.space,1719247693444891000
P,'i',1719247701401798000
R,'i',1719247701448699000
P,'n',1719247701705515000
R,'n',1719247701750265000
P,'s',1719247702182203000
R,'s',1719247702253293000
P,'t',1719247702424272000
R,'t',1719247702463934000
P,Key.enter,1719247703880170000
R,Key.enter,1719247703959676000
P,'f',1719247711412526000
R,'f',1719247711483678000
P,'d',1719247711768892000
R,'d',1719247711850183000
P,'p',1719247712142761000
R,'p',1719247712249375000
P,'1',1719247712535589000
R,'1',1719247712618008000
P,'s',1719247713485506000
R,'s',1719247713574988000
P,'o',1719247713642645000
R,'o',1719247713743030000
P,'c',1719247713805416000
R,'c',1719247713908313000
P,'i',1719247713958598000
R,'i',1719247714048404000
P,'a',1719247714105879000
R,'a',1719247714184522000
P,'l',1719247714235797000
R,'l',1719247714353153000
P,Key.shift,1719247714440559000
P,'@',1719247714624972000
R,Key.shift,1719247714694299000
R,'2',1719247714751737000
P,'g',1719247715139031000
R,'g',1719247715198793000
P,'m',1719247715341331000
R,'m',1719247715453324000
P,'a',1719247715498954000
P,'i',1719247715560817000
R,'a',1719247715585625000
R,'i',1719247715652097000
P,'l',1719247715735731000
R,'l',1719247715834007000
P,'.',1719247715991701000
R,'.',1719247716114981000
P,'c',1719247716200387000
P,'o',1719247716231470000
R,'c',1719247716283161000
R,'o',1719247716366250000
P,'m',1719247716425234000
R,'m',1719247716540837000
P,Key.shift,1719247722858892000
R,Key.shift,1719247723219428000
P,Key.shift,1719247724293739000
R,Key.shift,1719247724542546000
P,'t',1719247774801414000
R,'t',1719247774850944000
P,'w',1719247775210102000
R,'w',1719247775278895000
P,'o',1719247775489202000
R,'o',1719247775545773000
P,Key.backspace,1719247775875717000
R,Key.backspace,1719247775962808000
P,Key.down,1719247776909489000
R,Key.down,1719247777025428000
P,Key.enter,1719247777224735000
R,Key.enter,1719247777285541000
P,Key.shift,1719247801782158000
R,Key.shift,1719247801951056000
P,Key.shift,1719247802882941000
P,'I',1719247802971083000
R,'I',1719247803047941000
R,Key.shift,1719247803105591000
P,'t',1719247803319196000
R,'t',1719247803375833000
P,"""'""",1719247803664877000
R,"""'""",1719247803776558000
P,'s',1719247803785930000
R,'s',1719247803857380000
P,Key.space,1719247803883456000
R,Key.space,1719247803972761000
P,'h',1719247804099700000
R,'h',1719247804178613000
P,'a',1719247804256570000
R,'a',1719247804322327000
P,Key.backspace,1719247804651413000
P,'e',1719247804759961000
R,Key.backspace,1719247804765227000
R,'e',1719247804826998000
P,'a',1719247804991515000
R,'a',1719247805038431000
P,'r',1719247805220549000
R,'r',1719247805298423000
P,'t',1719247805652686000
R,'t',1719247805710681000
P,'w',1719247805887267000
R,'w',1719247805964186000
P,'a',1719247806068048000
R,'a',1719247806141145000
P,'r',1719247806277777000
R,'r',1719247806332199000
P,'m',1719247806371658000
R,'m',1719247806464091000
P,'i',1719247806526049000
R,'i',1719247806634997000
P,'n',1719247806656928000
R,'n',1719247806764545000
P,'g',1719247806827488000
R,'g',1719247806868197000
P,Key.space,1719247806915250000
R,Key.space,1719247807016936000
P,'t',1719247808751686000
R,'t',1719247808827417000
P,'o',1719247808940099000
R,'o',1719247809064531000
P,Key.space,1719247809109395000
R,Key.space,1719247809216430000
P,'s',1719247809228317000
R,'s',1719247809299467000
P,'e',1719247809407295000
R,'e',1719247809452496000
P,'e',1719247809518384000
R,'e',1719247809600972000
P,Key.space,1719247809658926000
R,Key.space,1719247809734018000
P,'t',1719247809757181000
R,'t',1719247809811019000
P,'h',1719247809851919000
R,'h',1719247809933883000
P,'e',1719247809935577000
R,'e',1719247810009263000
P,Key.space,1719247810033114000
R,Key.space,1719247810132622000
P,'p',1719247810194607000
R,'p',1719247810285487000
P,'l',1719247810387330000
R,'l',1719247810475124000
P,'a',1719247810515997000
R,'a',1719247810573046000
P,'y',1719247810652524000
R,'y',1719247810747903000
P,'e',1719247810834740000
P,'r',1719247810948914000
R,'e',1719247810978029000
R,'r',1719247811031881000
P,'s',1719247811136003000
R,'s',1719247811219134000
P,Key.space,1719247811261320000
R,Key.space,1719247811373528000
P,'t',1719247811443876000
R,'t',1719247811505537000
P,'a',1719247811816762000
R,'a',1719247811891642000
P,'k',1719247811948811000
R,'k',1719247812051698000
P,'e',1719247812078336000
R,'e',1719247812134233000
P,Key.space,1719247812184704000
R,Key.space,1719247812297258000
P,'t',1719247812356755000
R,'t',1719247812430449000
P,'h',1719247812460969000
R,'h',1719247812547759000
P,'e',1719247812566327000
R,'e',1719247812642199000
P,Key.space,1719247812681960000
R,Key.space,1719247812791432000
P,'o',1719247812867576000
R,'o',1719247812960964000
P,Key.backspace,1719247813246708000
R,Key.backspace,1719247813326159000
P,'c',1719247813366200000
R,'c',1719247813445017000
P,'o',1719247813470974000
R,'o',1719247813580191000
P,'a',1719247813637129000
R,'a',1719247813710288000
P,'c',1719247813879786000
R,'c',1719247813952645000
P,'h',1719247813968754000
R,'h',1719247814036744000
P,"""'""",1719247814782947000
R,"""'""",1719247814881840000
P,'s',1719247814934614000
R,'s',1719247815007102000
P,Key.space,1719247815031820000
R,Key.space,1719247815139952000
P,'m',1719247815652107000
P,'e',1719247815747390000
R,'m',1719247815775970000
R,'e',1719247815832142000
P,'s',1719247815981245000
R,'s',1719247816035300000
P,'s',1719247816098009000
R,'s',1719247816167641000
P,'a',1719247816277819000
R,'a',1719247816348783000
P,'g',1719247816523063000
P,'e',1719247816576190000
R,'g',1719247816615585000
R,'e',1719247816691195000
P,Key.space,1719247816694558000
R,Key.space,1719247816799679000
P,'t',1719247816857186000
P,'o',1719247816908582000
R,'t',1719247816919702000
R,'o',1719247817027202000
P,Key.space,1719247817058695000
R,Key.space,1719247817132302000
P,'h',1719247817201270000
R,'h',1719247817285602000
P,'e',1719247817302804000
R,'e',1719247817364726000
P,'a',1719247817486754000
R,'a',1719247817545092000
P,'r',1719247817646613000
R,'r',1719247817712221000
P,'t',1719247817846570000
R,'t',1719247817913548000
P,"','",1719247817948640000
R,"','",1719247818019628000
P,Key.space,1719247818146893000
R,Key.space,1719247818231270000
P,'a',1719247818244703000
R,'a',1719247818323589000
P,'n',1719247818340685000
R,'n',1719247818453027000
P,'d',1719247818460653000
R,'d',1719247818536038000
P,Key.space,1719247818552478000
R,Key.space,1719247818653006000
P,'t',1719247818789521000
P,'h',1719247818856487000
R,'t',1719247818861665000
R,'h',1719247818960715000
P,'e',1719247818981558000
P,Key.space,1719247819067637000
R,'e',1719247819070403000
R,Key.space,1719247819190585000
P,'w',1719247819405447000
R,'w',1719247819478507000
P,'a',1719247819612993000
R,'a',1719247819689829000
P,'y',1719247819835519000
R,'y',1719247819922642000
P,Key.space,1719247819964917000
R,Key.space,1719247820064835000
P,'t',1719247820407655000
R,'t',1719247820479931000
P,'h',1719247820518690000
R,'h',1719247820603384000
P,'e',1719247820649270000
R,'e',1719247820728393000
P,Key.space,1719247820827731000
R,Key.space,1719247820928571000
P,Key.backspace,1719247821154601000
R,Key.backspace,1719247821264426000
P,'y',1719247821361645000
R,'y',1719247821425635000
P,Key.space,1719247821443842000
R,Key.space,1719247821559886000
P,'a',1719247822096533000
R,'a',1719247822194614000
P,'r',1719247822356501000
P,'e',1719247822438877000
R,'r',1719247822467002000
R,'e',1719247822501539000
P,Key.backspace,1719247822639657000
R,Key.backspace,1719247822735080000
P,'l',1719247822952669000
R,'l',1719247823022684000
P,Key.backspace,1719247823509560000
R,Key.backspace,1719247823600489000
P,Key.backspace,1719247823673890000
R,Key.backspace,1719247823722043000
P,'l',1719247823939355000
R,'l',1719247824028186000
P,'l',1719247824119284000
R,'l',1719247824210011000
P,Key.space,1719247824303597000
R,Key.space,1719247824405050000
P,'d',1719247824607185000
R,'d',1719247824680183000
P,'i',1719247824943229000
R,'i',1719247825032101000
P,'s',1719247825112503000
R,'s',1719247825192793000
P,'p',1719247825205386000
R,'p',1719247825298614000
P,'l',1719247825379435000
R,'l',1719247825480878000
P,'a',1719247825532396000
R,'a',1719247825614299000
P,'y',1719247825700363000
R,'y',1719247825799571000
P,Key.space,1719247825852134000
R,Key.space,1719247825951062000
P,'u',1719247826181157000
R,'u',1719247826260145000
P,'n',1719247826347425000
R,'n',1719247826462637000
P,'i',1719247826559448000
P,'t',1719247826661775000
R,'i',1719247826669980000
R,'t',1719247826736997000
P,'y',1719247826866405000
R,'y',1719247826931647000
P,Key.space,1719247827031502000
R,Key.space,1719247827131066000
P,'t',1719247827236999000
R,'t',1719247827306079000
P,'o',1719247827368959000
R,'o',1719247827459826000
P,'w',1719247827505200000
R,'w',1719247827580809000
P,Key.shift,1719247827707452000
R,Key.shift,1719247827744540000
P,'r',1719247827893957000
R,'r',1719247827968342000
P,'d',1719247828096729000
P,'s',1719247828210829000
R,'d',1719247828271809000
R,'s',1719247828337246000
P,Key.space,1719247828371958000
R,Key.space,1719247828478382000
P,'t',1719247828671261000
R,'t',1719247828754516000
P,'h',1719247828762764000
R,'h',1719247828838332000
P,'e',1719247828873010000
R,'e',1719247828958198000
P,Key.space,1719247829010467000
R,Key.space,1719247829114197000
P,'c',1719247829290578000
P,'o',1719247829346207000
R,'c',1719247829370813000
R,'o',1719247829429975000
P,'m',1719247829540455000
R,'m',1719247829586619000
P,'m',1719247829664910000
R,'m',1719247829773393000
P,'o',1719247829790604000
R,'o',1719247829912819000
P,'n',1719247829993089000
R,'n',1719247830107350000
P,Key.space,1719247830177232000
R,Key.space,1719247830262711000
P,'g',1719247830338196000
R,'g',1719247830401417000
P,'o',1719247830418761000
R,'o',1719247830515643000
P,'a',1719247830598591000
P,'l',1719247830679548000
R,'a',1719247830684830000
R,'l',1719247830788149000
P,'.',1719247831204804000
R,'.',1719247831265180000
P,Key.space,1719247831897219000
R,Key.space,1719247831965801000
P,Key.shift,1719247869583706000
P,'I',1719247869737236000
R,'I',1719247869818688000
R,Key.shift,1719247869836080000
P,'t',1719247870419780000
R,'t',1719247870490741000
P,"""'""",1719247871456401000
R,"""'""",1719247871602412000
P,'s',1719247871730975000
P,Key.space,1719247871759271000
R,'s',1719247871809519000
R,Key.space,1719247871875990000
P,'h',1719247872362907000
P,'e',1719247872457092000
R,'h',1719247872460821000
R,'e',1719247872516524000
P,'a',1719247872632726000
R,'a',1719247872706786000
P,'r',1719247872833733000
R,'r',1719247872884431000
P,'t',1719247873024921000
R,'t',1719247873052686000
P,'3',1719247873179645000
R,'3',1719247873257676000
P,Key.backspace,1719247873972724000
R,Key.backspace,1719247874064900000
P,'w',1719247874250323000
R,'w',1719247874331683000
P,'a',1719247874473287000
R,'a',1719247874544323000
P,'r',1719247874686118000
R,'r',1719247874740498000
P,'m',1719247875388451000
R,'m',1719247875468290000
P,'i',1719247875520222000
R,'i',1719247875640592000
P,'n',1719247875686158000
R,'n',1719247875784068000
P,'g',1719247875807500000
R,'g',1719247875877633000
P,Key.space,1719247875902054000
R,Key.space,1719247876002180000
P,'t',1719247876750122000
P,'o',1719247876815407000
R,'t',1719247876824082000
R,'o',1719247876918390000
P,Key.space,1719247876939978000
R,Key.space,1719247877047874000
P,'s',1719247877083073000
R,'s',1719247877147436000
P,'e',1719247877246342000
R,'e',1719247877306472000
P,'e',1719247877368789000
R,'e',1719247877436854000
P,Key.space,1719247877524009000
R,Key.space,1719247877616714000
P,'t',1719247877634918000
R,'t',1719247877693219000
P,'h',1719247877752907000
R,'h',1719247877824947000
P,'e',1719247877836378000
R,'e',1719247877906997000
P,Key.space,1719247877961738000
R,Key.space,1719247878067780000
P,'w',1719247878164798000
R,'w',1719247878233193000
P,'a',1719247878346160000
R,'a',1719247878420003000
P,'y',1719247878516864000
R,'y',1719247878603002000
P,Key.space,1719247878673815000
R,Key.space,1719247878732260000
P,'t',1719247878971114000
R,'t',1719247879039686000
P,'h',1719247879074470000
R,'h',1719247879151834000
P,'e',1719247879199789000
R,'e',1719247879276426000
P,Key.space,1719247879327836000
R,Key.space,1719247879427324000
P,'p',1719247880154223000
R,'p',1719247880228328000
P,'l',1719247880335688000
R,'l',1719247880432184000
P,'a',1719247880466743000
R,'a',1719247880542284000
P,'y',1719247880622998000
R,'y',1719247880700986000
P,'e',1719247880790772000
P,'r',1719247880869384000
R,'e',1719247880910088000
R,'r',1719247880956332000
P,'s',1719247881084823000
R,'s',1719247881161292000
P,Key.space,1719247881205120000
R,Key.space,1719247881305320000
P,'t',1719247881794194000
R,'t',1719247881853574000
P,'a',1719247882036102000
R,'a',1719247882110523000
P,'k',1719247882141100000
R,'k',1719247882250226000
P,'e',1719247882302418000
R,'e',1719247882358630000
P,Key.space,1719247882399849000
R,Key.space,1719247882508492000
P,'t',1719247882743004000
R,'t',1719247882803417000
P,'h',1719247882836913000
R,'h',1719247882906715000
P,'e',1719247882957582000
R,'e',1719247883027908000
P,Key.space,1719247883048618000
R,Key.space,1719247883143922000
P,'c',1719247883211391000
R,'c',1719247883270907000
P,'o',1719247883283430000
R,'o',1719247883383582000
P,'a',1719247883524175000
R,'a',1719247883598286000
P,'c',1719247884002868000
R,'c',1719247884065194000
P,'h',1719247884119120000
R,'h',1719247884182080000
P,"""'""",1719247884661417000
P,'s',1719247884769968000
R,"""'""",1719247884786088000
R,'s',1719247884862522000
P,Key.space,1719247884900616000
R,Key.space,1719247884998539000
P,'m',1719247885194048000
P,'e',1719247885276649000
R,'m',1719247885290912000
R,'e',1719247885339775000
P,'s',1719247885473663000
R,'s',1719247885531309000
P,'s',1719247885604449000
R,'s',1719247885669919000
P,'a',1719247885766709000
R,'a',1719247885832667000
P,'g',1719247886003332000
P,'e',1719247886088324000
R,'g',1719247886138009000
R,'e',1719247886176915000
P,Key.space,1719247886216489000
R,Key.space,1719247886340076000
P,'t',1719247886419117000
R,'t',1719247886489897000
P,'o',1719247886532882000
R,'o',1719247886636047000
P,Key.space,1719247886655572000
R,Key.space,1719247886754742000
P,'h',1719247886852864000
R,'h',1719247886918477000
P,'e',1719247886923250000
R,'e',1719247886992399000
P,'a',1719247887106883000
R,'a',1719247887170718000
P,'r',1719247887272555000
R,'r',1719247887331600000
P,'t',1719247887455417000
R,'t',1719247887531870000
P,Key.space,1719247887535142000
R,Key.space,1719247887646705000
P,'a',1719247887710947000
R,'a',1719247887788104000
P,'n',1719247887828704000
R,'n',1719247887919072000
P,'d',1719247887932604000
R,'d',1719247887988671000
P,Key.space,1719247888033074000
R,Key.space,1719247888132418000
P,'u',1719247888249387000
R,'u',1719247888330224000
P,'n',1719247888452108000
R,'n',1719247888559087000
P,'a',1719247888679039000
R,'a',1719247888752180000
P,'n',1719247888807666000
R,'n',1719247888916073000
P,'i',1719247888982620000
R,'i',1719247889073913000
P,'m',1719247889234341000
R,'m',1719247889340469000
P,'o',1719247889439971000
R,'o',1719247889543951000
P,'u',1719247889606792000
R,'u',1719247889699443000
P,'s',1719247889760941000
R,'s',1719247889829967000
P,'l',1719247889852915000
R,'l',1719247889944369000
P,'y',1719247890065327000
R,'y',1719247890147180000
P,Key.space,1719247890186910000
R,Key.space,1719247890299296000
P,'w',1719247890438086000
R,'w',1719247890522221000
P,'o',1719247890531968000
R,'o',1719247890623733000
P,'r',1719247890710416000
R,'r',1719247890773397000
P,'k',1719247890818335000
R,'k',1719247890928388000
P,Key.space,1719247891007866000
R,Key.space,1719247891086787000
P,'t',1719247891161258000
R,'t',1719247891232092000
P,'o',1719247891243544000
R,'o',1719247891348274000
P,'w',1719247891400773000
R,'w',1719247891471969000
P,Key.shift,1719247891599145000
R,Key.shift,1719247891657448000
P,'r',1719247891797370000
R,'r',1719247891855952000
P,'d',1719247891963143000
P,'s',1719247892044929000
R,'d',1719247892080718000
R,'s',1719247892156314000
P,Key.space,1719247892299142000
R,Key.space,1719247892397558000
P,'t',1719247892514252000
R,'t',1719247892597397000
P,'h',1719247892665630000
R,'h',1719247892737586000
P,'e',1719247892764079000
R,'e',1719247892836447000
P,'i',1719247892895220000
R,'i',1719247892988203000
P,'r',1719247893051544000
R,'r',1719247893115124000
P,Key.space,1719247893215186000
R,Key.space,1719247893301680000
P,'c',1719247893454993000
R,'c',1719247893511291000
P,Key.backspace,1719247893790963000
R,Key.backspace,1719247893879881000
P,'g',1719247893968956000
R,'g',1719247894040910000
P,'o',1719247894076105000
R,'o',1719247894161760000
P,'l',1719247894392966000
R,'l',1719247894488838000
P,Key.backspace,1719247894799491000
R,Key.backspace,1719247894827885000
P,Key.backspace,1719247895032606000
R,Key.backspace,1719247895106135000
P,'o',1719247895906718000
R,'o',1719247895995566000
P,'a',1719247896044445000
R,'a',1719247896128784000
P,'l',1719247896182191000
R,'l',1719247896273894000
P,'.',1719247896545341000
R,'.',1719247896602060000
P,Key.space,1719247896812758000
R,Key.space,1719247896877892000
P,Key.shift,1719247919487877000
R,Key.shift,1719247919806371000
P,Key.shift,1719247920216052000
P,'T',1719247920487080000
R,Key.shift,1719247920539999000
P,'h',1719247920551840000
R,'t',1719247920579907000
R,'h',1719247920623544000
P,'i',1719247920788761000
R,'i',1719247920904439000
P,'s',1719247920980743000
P,Key.space,1719247921023967000
R,'s',1719247921070050000
R,Key.space,1719247921121502000
P,'e',1719247922937414000
R,'e',1719247923024262000
P,'v',1719247923119655000
R,'v',1719247923197610000
P,'e',1719247923228193000
R,'e',1719247923313346000
P,'n',1719247923344576000
R,'n',1719247923422802000
P,'t',1719247923497386000
R,'t',1719247923562593000
P,Key.space,1719247923595977000
R,Key.space,1719247923694487000
P,'s',1719247924723881000
R,'s',1719247924801038000
P,'e',1719247924906833000
R,'e',1719247924962204000
P,'e',1719247925035189000
R,'e',1719247925112202000
P,'m',1719247925136184000
R,'m',1719247925253773000
P,'s',1719247925278539000
R,'s',1719247925349254000
P,Key.space,1719247925380003000
R,Key.space,1719247925471565000
P,'i',1719247925845688000
R,'i',1719247925936917000
P,'n',1719247926031586000
R,'n',1719247926112526000
P,'c',1719247926162920000
R,'c',1719247926221348000
P,'r',1719247926372578000
P,'e',1719247926452405000
R,'r',1719247926488523000
R,'e',1719247926553392000
P,'d',1719247926756057000
R,'d',1719247926831074000
P,'i',1719247926873663000
R,'i',1719247926956546000
P,'b',1719247927053035000
R,'b',1719247927119509000
P,'l',1719247927239545000
R,'l',1719247927336713000
P,'y',1719247927379051000
R,'y',1719247927437263000
P,Key.space,1719247927504347000
R,Key.space,1719247927602194000
P,'s',1719247927853096000
R,'s',1719247927921298000
P,'t',1719247928071271000
R,'t',1719247928127951000
P,'a',1719247928291154000
R,'a',1719247928354696000
P,'g',1719247928546122000
P,'e',1719247928663704000
R,'g',1719247928710986000
R,'e',1719247928765612000
P,'d',1719247928913982000
R,'d',1719247928978643000
P,"','",1719247929030809000
R,"','",1719247929115772000
P,Key.space,1719247929248168000
R,Key.space,1719247929327669000
P,'a',1719247930139620000
R,'a',1719247930214939000
P,'n',1719247930249574000
R,'n',1719247930330151000
P,'d',1719247930345272000
R,'d',1719247930411185000
P,Key.space,1719247930456241000
R,Key.space,1719247930560731000
P,'t',1719247930604449000
R,'t',1719247930678142000
P,'h',1719247930704928000
R,'h',1719247930782735000
P,'e',1719247930785483000
R,'e',1719247930873829000
P,Key.space,1719247930912776000
R,Key.space,1719247931007198000
P,'p',1719247932705652000
R,'p',1719247932807022000
P,'u',1719247933020367000
R,'u',1719247933096554000
P,'b',1719247933218000000
R,'b',1719247933280487000
P,'l',1719247933398661000
R,'l',1719247933506932000
P,'i',1719247933608546000
P,'c',1719247933687712000
R,'i',1719247933696258000
R,'c',1719247933748637000
P,Key.space,1719247933787116000
R,Key.space,1719247933881791000
P,'r',1719247934460790000
P,'e',1719247934512906000
R,'r',1719247934563632000
R,'e',1719247934619289000
P,'s',1719247934715069000
P,'p',1719247934798373000
R,'s',1719247934799854000
R,'p',1719247934889727000
P,'o',1719247934926599000
R,'o',1719247935028809000
P,'n',1719247935121529000
R,'n',1719247935217383000
P,'s',1719247935254926000
R,'s',1719247935336829000
P,'e',1719247935429838000
R,'e',1719247935511094000
P,Key.space,1719247935534988000
R,Key.space,1719247935648579000
P,'t',1719247935718727000
P,'o',1719247935773591000
R,'t',1719247935788385000
R,'o',1719247935878090000
P,Key.space,1719247935905387000
R,Key.space,1719247936023404000
P,'i',1719247936113875000
R,'i',1719247936212568000
P,'t',1719247936372193000
R,'t',1719247936443885000
P,Key.space,1719247936480133000
R,Key.space,1719247936588535000
P,'w',1719247936729882000
R,'w',1719247936798152000
P,'a',1719247936922193000
R,'a',1719247936995327000
P,'s',1719247937203669000
R,'s',1719247937280623000
P,Key.space,1719247937295570000
R,Key.space,1719247937403897000
P,'c',1719247937980839000
R,'c',1719247938079666000
P,'r',1719247938212133000
R,'r',1719247938283980000
P,'a',1719247938479638000
R,'a',1719247938546865000
P,'z',1719247939049262000
R,'z',1719247939120332000
P,'y',1719247939191230000
R,'y',1719247939274332000
P,"','",1719247939482449000
R,"','",1719247939592913000
P,Key.space,1719247939698805000
R,Key.space,1719247939790607000
P,'b',1719247939973203000
R,'b',1719247940057191000
P,'u',1719247940121831000
R,'u',1719247940211842000
P,'t',1719247940229065000
R,'t',1719247940284380000
P,Key.space,1719247940306126000
R,Key.space,1719247940410115000
P,'i',1719247940605505000
R,'i',1719247940736173000
P,'t',1719247940778144000
R,'t',1719247940821270000
P,Key.space,1719247940898488000
R,Key.space,1719247940995117000
P,'i',1719247941948264000
R,'i',1719247942029496000
P,'s',1719247942059547000
P,Key.space,1719247942122044000
R,'s',1719247942129070000
R,Key.space,1719247942211727000
P,'s',1719247942318591000
R,'s',1719247942382144000
P,'t',1719247942540532000
P,'i',1719247942570780000
R,'t',1719247942590819000
R,'i',1719247942673439000
P,'l',1719247942747794000
R,'l',1719247942824142000
P,'l',1719247942908026000
R,'l',1719247942990637000
P,Key.space,1719247943028392000
R,Key.space,1719247943129663000
P,'f',1719247943766074000
R,'f',1719247943838739000
P,'u',1719247943920284000
R,'u',1719247943992041000
P,Key.backspace,1719247944277126000
R,Key.backspace,1719247944369351000
P,'u',1719247945080169000
R,'u',1719247945145056000
P,'n',1719247945281076000
R,'n',1719247945363786000
P,Key.space,1719247945420465000
R,Key.space,1719247945514612000
P,'t',1719247945527645000
R,'t',1719247945608302000
P,'o',1719247945628552000
R,'o',1719247945739979000
P,Key.space,1719247945804955000
R,Key.space,1719247945914847000
P,'w',1719247946006654000
R,'w',1719247946074537000
P,'a',1719247946186616000
R,'a',1719247946255805000
P,'t',1719247946419693000
R,'t',1719247946489877000
P,'c',1719247946660827000
R,'c',1719247946729180000
P,'h',1719247946765215000
R,'h',1719247946837750000
P,'.',1719247947836066000
R,'.',1719247947920230000
P,Key.space,1719247948104878000
R,Key.space,1719247948182651000
P,Key.shift,1719247948314089000
P,'S',1719247948545466000
R,Key.shift,1719247948610979000
P,'o',1719247948632733000
R,'s',1719247948661677000
R,'o',1719247948720916000
P,Key.space,1719247948957061000
R,Key.space,1719247949048467000
P,'m',1719247949729012000
R,'m',1719247949834773000
P,'a',1719247949898607000
R,'a',1719247949989342000
P,'y',1719247950070380000
R,'y',1719247950147746000
P,'b',1719247950407164000
R,'b',1719247950493555000
P,'e',1719247950547946000
P,Key.space,1719247950603454000
R,'e',1719247950623444000
R,Key.space,1719247950714031000
P,'i',1719247951163062000
R,'i',1719247951253957000
P,'t',1719247951290827000
R,'t',1719247951357009000
P,Key.space,1719247951369112000
R,Key.space,1719247951485795000
P,'d',1719247951647924000
P,'o',1719247951723093000
R,'d',1719247951727792000
P,'e',1719247951829231000
R,'o',1719247951830610000
R,'e',1719247951906354000
P,'s',1719247952017944000
R,'s',1719247952094975000
P,Key.space,1719247952101238000
R,Key.space,1719247952202448000
P,'a',1719247952454516000
R,'a',1719247952528858000
P,'c',1719247952895364000
R,'c',1719247952955021000
P,'c',1719247953038965000
R,'c',1719247953113624000
P,'o',1719247953323506000
R,'o',1719247953420210000
P,'m',1719247954163465000
R,'m',1719247954271769000
P,'p',1719247954322576000
R,'p',1719247954423518000
P,'l',1719247954539101000
R,'l',1719247954629816000
P,'i',1719247954888610000
R,'i',1719247954997833000
P,'s',1719247955040308000
R,'s',1719247955123090000
P,'h',1719247955136272000
R,'h',1719247955215806000
P,Key.space,1719247955288354000
R,Key.space,1719247955360256000
P,'i',1719247955430290000
R,'i',1719247955526241000
P,'t',1719247955545486000
R,'t',1719247955605855000
P,'s',1719247955767953000
R,'s',1719247955857543000
P,Key.space,1719247955876729000
R,Key.space,1719247955985015000
P,'o',1719247956115628000
R,'o',1719247956221942000
P,'r',1719247956272537000
R,'r',1719247956336880000
P,'i',1719247956377710000
R,'i',1719247956463031000
P,'g',1719247956571177000
R,'g',1719247956628805000
P,'i',1719247956665555000
R,'i',1719247956759367000
P,'n',1719247956872338000
R,'n',1719247956955624000
P,'a',1719247956980088000
R,'a',1719247957063761000
P,Key.space,1719247957262070000
R,Key.space,1719247957320055000
P,Key.backspace,1719247957598537000
R,Key.backspace,1719247957698333000
P,Key.space,1719247958262172000
R,Key.space,1719247958370100000
P,'g',1719247958511294000
P,'o',1719247958568857000
R,'g',1719247958574262000
R,'o',1719247958655811000
P,'a',1719247958784210000
R,'a',1719247958863378000
P,'l',1719247958895531000
R,'l',1719247958988367000
P,'.',1719247959186376000
R,'.',1719247959265082000
P,Key.space,1719247959421609000
R,Key.space,1719247959491925000
P,Key.shift,1719247997403845000
P,'T',1719247997599527000
R,Key.shift,1719247997660032000
P,'h',1719247997661383000
R,'t',1719247997700550000
R,'h',1719247997758100000
P,'i',1719247997865625000
R,'i',1719247997966575000
P,'s',1719247997972641000
R,'s',1719247998061785000
P,Key.space,1719247998084936000
R,Key.space,1719247998195363000
P,'i',1719247999718171000
R,'i',1719247999819664000
P,'n',1719248000278321000
R,'n',1719248000359392000
P,'s',1719248000706276000
R,'s',1719248000789520000
P,'t',1719248001573793000
R,'t',1719248001646065000
P,'a',1719248001809012000
R,'a',1719248001882158000
P,'n',1719248001915356000
R,'n',1719248001984536000
P,'c',1719248002032795000
P,'e',1719248002107464000
R,'c',1719248002147437000
R,'e',1719248002199574000
P,Key.space,1719248002202856000
R,Key.space,1719248002309784000
P,Key.backspace,1719248003216922000
R,Key.backspace,1719248003676517000
P,Key.backspace,1719248003699822000
P,Key.backspace,1719248004202108000
P,Key.backspace,1719248004282054000
R,Key.backspace,1719248004317231000
P,Key.backspace,1719248004466688000
R,Key.backspace,1719248004570081000
P,Key.backspace,1719248004658317000
R,Key.backspace,1719248004743096000
P,Key.backspace,1719248004827713000
R,Key.backspace,1719248004908546000
P,Key.backspace,1719248004991611000
R,Key.backspace,1719248005066822000
P,Key.backspace,1719248005158840000
R,Key.backspace,1719248005215989000
P,'e',1719248006195116000
R,'e',1719248006266950000
P,'v',1719248006341533000
R,'v',1719248006422765000
P,'e',1719248006445350000
R,'e',1719248006531633000
P,'n',1719248006561968000
R,'n',1719248006656984000
P,'t',1719248006701694000
R,'t',1719248006773621000
P,Key.space,1719248006783286000
R,Key.space,1719248006881123000
P,'s',1719248007247136000
R,'s',1719248007307190000
P,'e',1719248007415704000
R,'e',1719248007455614000
P,'e',1719248007524786000
R,'e',1719248007606997000
P,'m',1719248007633220000
R,'m',1719248007722893000
P,'s',1719248007778362000
R,'s',1719248007850531000
P,Key.space,1719248007856945000
R,Key.space,1719248007948758000
P,'e',1719248009424870000
R,'e',1719248009516542000
P,'n',1719248009533753000
R,'n',1719248009615220000
P,'t',1719248009761126000
R,'t',1719248009822966000
P,'i',1719248009901051000
R,'i',1719248010006782000
P,'r',1719248010009008000
P,'e',1719248010110247000
R,'r',1719248010144976000
R,'e',1719248010220079000
P,'l',1719248010402516000
R,'l',1719248010498777000
P,'y',1719248010520323000
R,'y',1719248010577065000
P,Key.space,1719248010633939000
R,Key.space,1719248010744214000
P,'s',1719248011123121000
R,'s',1719248011189831000
P,'t',1719248011319897000
R,'t',1719248011385060000
P,'a',1719248011528486000
R,'a',1719248011590285000
P,'g',1719248011748723000
P,'e',1719248011823142000
R,'g',1719248011868047000
R,'e',1719248011930596000
P,'d',1719248012011517000
R,'d',1719248012095012000
P,"','",1719248012141038000
R,"','",1719248012223633000
P,Key.space,1719248012355842000
R,Key.space,1719248012418998000
P,'b',1719248012617309000
R,'b',1719248012705420000
P,'u',1719248012824570000
R,'u',1719248012932597000
P,'t',1719248012938564000
R,'t',1719248013011322000
P,Key.space,1719248013017603000
R,Key.space,1719248013120220000
P,'i',1719248013233634000
R,'i',1719248013327630000
P,'t',1719248013343979000
R,'t',1719248013408596000
P,Key.space,1719248013484086000
R,Key.space,1719248013576627000
P,'i',1719248013732745000
R,'i',1719248013841495000
P,'s',1719248013842695000
R,'s',1719248013931904000
P,Key.space,1719248013932674000
R,Key.space,1719248014059966000
P,'s',1719248014843949000
R,'s',1719248014936988000
P,'i',1719248014970213000
R,'i',1719248015031867000
P,Key.backspace,1719248015306963000
R,Key.backspace,1719248015419629000
P,'t',1719248015424364000
P,'i',1719248015496539000
R,'t',1719248015497424000
R,'i',1719248015589775000
P,'l',1719248015691140000
R,'l',1719248015778555000
P,'l',1719248015852439000
R,'l',1719248015949034000
P,Key.space,1719248015977414000
R,Key.space,1719248016100867000
P,'s',1719248016478971000
P,'o',1719248016542028000
R,'s',1719248016582346000
R,'o',1719248016646959000
P,'m',1719248016749312000
P,'e',1719248016829363000
R,'m',1719248016845528000
R,'e',1719248016908185000
P,'w',1719248017049452000
R,'w',1719248017142582000
P,'h',1719248017143844000
R,'h',1719248017219494000
P,'a',1719248017260012000
R,'a',1719248017342585000
P,'t',1719248017478172000
R,'t',1719248017532759000
P,Key.space,1719248017551916000
R,Key.space,1719248017665577000
P,'e',1719248017992321000
R,'e',1719248018067406000
P,'n',1719248018142564000
R,'n',1719248018228349000
P,'t',1719248018336128000
R,'t',1719248018409710000
P,'e',1719248018538209000
P,'r',1719248018646944000
R,'e',1719248018690670000
R,'r',1719248018733733000
P,'t',1719248018864354000
R,'t',1719248018942602000
P,'a',1719248019150483000
R,'a',1719248019233552000
P,'i',1719248019249228000
R,'i',1719248019359194000
P,'n',1719248019466979000
R,'n',1719248019558511000
P,'i',1719248020015139000
R,'i',1719248020106370000
P,'n',1719248020136031000
R,'n',1719248020226762000
P,'g',1719248020278659000
R,'g',1719248020358125000
P,Key.space,1719248020359570000
R,Key.space,1719248020461653000
P,'t',1719248020608678000
R,'t',1719248020675656000
P,'o',1719248020680703000
R,'o',1719248020773966000
P,Key.space,1719248020814224000
R,Key.space,1719248020942457000
P,'w',1719248021009086000
R,'w',1719248021075893000
P,'a',1719248021193021000
R,'a',1719248021257724000
P,'t',1719248021402691000
R,'t',1719248021450406000
P,'c',1719248021611368000
P,'h',1719248021647829000
R,'c',1719248021674530000
R,'h',1719248021706978000
P,'.',1719248021925494000
R,'.',1719248022012178000
P,Key.space,1719248022142534000
R,Key.space,1719248022217049000
P,Key.shift,1719248022326694000
P,'M',1719248022723939000
R,Key.shift,1719248022800843000
R,'m',1719248022823037000
P,'a',1719248022923875000
R,'a',1719248022987958000
P,'u',1719248023001678000
R,'u',1719248023059261000
P,Key.backspace,1719248023527226000
R,Key.backspace,1719248023616515000
P,'y',1719248024301568000
R,'y',1719248024358405000
P,'b',1719248024478717000
R,'b',1719248024551340000
P,'e',1719248024581966000
P,Key.space,1719248024651159000
R,'e',1719248024651734000
R,Key.space,1719248024771991000
P,'t',1719248024858718000
R,'t',1719248024925267000
P,'h',1719248024936912000
R,'h',1719248025018874000
P,'a',1719248025098581000
R,'a',1719248025179041000
P,'t',1719248025332704000
R,'t',1719248025381021000
P,Key.space,1719248025392173000
R,Key.space,1719248025501099000
P,'w',1719248025553544000
R,'w',1719248025624592000
P,'a',1719248025744681000
P,'s',1719248025824518000
R,'a',1719248025868081000
R,'s',1719248025916616000
P,Key.space,1719248025956754000
R,Key.space,1719248026055823000
P,'u',1719248026107718000
R,'u',1719248026194398000
P,'l',1719248026391676000
R,'l',1719248026498765000
P,'t',1719248026555427000
R,'t',1719248026619108000
P,'i',1719248026714876000
R,'i',1719248026802896000
P,'m',1719248026957562000
R,'m',1719248027052844000
P,'a',1719248027123663000
R,'a',1719248027195441000
P,'t',1719248027374303000
R,'t',1719248027433919000
P,'e',1719248027557118000
R,'e',1719248027632478000
P,'l',1719248027694735000
R,'l',1719248027801797000
P,'y',1719248027908161000
R,'y',1719248027946718000
P,Key.space,1719248027994035000
R,Key.space,1719248028095115000
P,'t',1719248028586553000
R,'t',1719248028668272000
P,'h',1719248028676323000
R,'h',1719248028766594000
P,'e',1719248028811807000
R,'e',1719248028911510000
P,Key.space,1719248028917873000
R,Key.space,1719248029008428000
P,'g',1719248029292391000
R,'g',1719248029374457000
P,'o',1719248029405178000
R,'o',1719248029522375000
P,'a',1719248029592741000
R,'a',1719248029691496000
P,'l',1719248029695375000
R,'l',1719248029807759000
P,'.',1719248029956978000
R,'.',1719248030043450000
P,Key.space,1719248030194561000
R,Key.space,1719248030240785000
P,Key.shift,1719248040776498000
P,'T',1719248040988976000
R,Key.shift,1719248041042614000
P,'h',1719248041074072000
R,'t',1719248041101191000
R,'h',1719248041151047000
P,'i',1719248041251880000
R,'i',1719248041336065000
P,'s',1719248041366030000
R,'s',1719248041441423000
P,Key.space,1719248041485653000
R,Key.space,1719248041593572000
P,'e',1719248042216294000
R,'e',1719248042273439000
P,'v',1719248042375000000
R,'v',1719248042443569000
P,'e',1719248042485119000
R,'e',1719248042576377000
P,'n',1719248042619475000
R,'n',1719248042707507000
P,'t',1719248042751144000
R,'t',1719248042794634000
P,Key.space,1719248042871130000
R,Key.space,1719248042977121000
P,'s',1719248043073824000
R,'s',1719248043140288000
P,'e',1719248043293532000
R,'e',1719248043374954000
P,'e',1719248043450975000
R,'e',1719248043531918000
P,'m',1719248043616850000
R,'m',1719248043725872000
P,'s',1719248043773994000
P,Key.space,1719248043850676000
R,'s',1719248043853164000
R,Key.space,1719248043967748000
P,'e',1719248044523681000
R,'e',1719248044599140000
P,'n',1719248044910824000
R,'n',1719248045000173000
P,'t',1719248045035661000
R,'t',1719248045093686000
P,'i',1719248045175698000
R,'i',1719248045257982000
P,'r',1719248045278381000
P,'e',1719248045361725000
R,'r',1719248045409573000
R,'e',1719248045459780000
P,'l',1719248045541661000
R,'l',1719248045649498000
P,'y',1719248045731343000
R,'y',1719248045808721000
P,Key.space,1719248045832969000
R,Key.space,1719248045942247000
P,'s',1719248046176300000
R,'s',1719248046245089000
P,'t',1719248046376155000
R,'t',1719248046436304000
P,'a',1719248046585225000
R,'a',1719248046641766000
P,'g',1719248046827087000
P,'e',1719248046890512000
R,'g',1719248046923791000
R,'e',1719248046984546000
P,'d',1719248047069001000
R,'d',1719248047143891000
P,"','",1719248047744290000
R,"','",1719248047840268000
P,Key.space,1719248047982332000
R,Key.space,1719248048065509000
P,'b',1719248048144335000
R,'b',1719248048220095000
P,'u',1719248048273627000
R,'u',1719248048347832000
P,'t',1719248048378692000
R,'t',1719248048432849000
P,Key.space,1719248048474270000
R,Key.space,1719248048569587000
P,'i',1719248048724631000
R,'i',1719248048811556000
P,'t',1719248048928244000
R,'t',1719248048991556000
P,Key.space,1719248049006659000
R,Key.space,1719248049117091000
P,'w',1719248049210101000
R,'w',1719248049289438000
P,'a',1719248049402481000
P,'s',1719248049472542000
R,'a',1719248049522782000
R,'s',1719248049568882000
P,Key.space,1719248049635177000
R,Key.space,1719248049723210000
P,'s',1719248049777823000
R,'s',1719248049855501000
P,'t',1719248049999589000
P,'i',1719248050050514000
R,'t',1719248050067166000
R,'i',1719248050118353000
P,'l',1719248050192494000
R,'l',1719248050278608000
P,'l',1719248050342127000
R,'l',1719248050440482000
P,Key.space,1719248050500072000
R,Key.space,1719248050598846000
P,'v',1719248050608011000
R,'v',1719248050682274000
P,'e',1719248050752093000
P,'r',1719248050876783000
R,'e',1719248050911394000
R,'r',1719248050968292000
P,'y',1719248050992555000
R,'y',1719248051065230000
P,Key.space,1719248051103648000
R,Key.space,1719248051208377000
P,'f',1719248051291406000
R,'f',1719248051352531000
P,'u',1719248051423872000
R,'u',1719248051527005000
P,'n',1719248051610501000
R,'n',1719248051707567000
P,Key.space,1719248051796332000
R,Key.space,1719248051899583000
P,'t',1719248051957785000
R,'t',1719248052021751000
P,'o',1719248052052582000
R,'o',1719248052159064000
P,Key.space,1719248052177710000
R,Key.space,1719248052287022000
P,'w',1719248052404600000
R,'w',1719248052491085000
P,'a',1719248052588394000
R,'a',1719248052656042000
P,'t',1719248052828604000
R,'t',1719248052873550000
P,'c',1719248053039269000
R,'c',1719248053102784000
P,'h',1719248053103537000
R,'h',1719248053181483000
P,'.',1719248053337364000
R,'.',1719248053426458000
P,Key.space,1719248053572463000
R,Key.space,1719248053625096000
P,Key.shift,1719248053942117000
P,'M',1719248054076249000
R,'M',1719248054176803000
R,Key.shift,1719248054249933000
P,'a',1719248054384266000
P,'y',1719248054458178000
R,'a',1719248054482423000
R,'y',1719248054549352000
P,'b',1719248054690916000
R,'b',1719248054781028000
P,'e',1719248054819169000
R,'e',1719248054899537000
P,Key.space,1719248054902867000
R,Key.space,1719248055023895000
P,'t',1719248055165724000
R,'t',1719248055231842000
P,'h',1719248055241413000
R,'h',1719248055347821000
P,'a',1719248055461872000
R,'a',1719248055528536000
P,'t',1719248055678059000
R,'t',1719248055742017000
P,Key.space,1719248055758334000
R,Key.space,1719248055873041000
P,'w',1719248055989956000
R,'w',1719248056066110000
P,'a',1719248056191325000
P,'s',1719248056273974000
R,'a',1719248056333643000
R,'s',1719248056363229000
P,Key.space,1719248056392295000
R,Key.space,1719248056506088000
P,'t',1719248056533875000
R,'t',1719248056619374000
P,'h',1719248056642831000
P,'e',1719248056692305000
R,'h',1719248056729415000
R,'e',1719248056792300000
P,Key.space,1719248056831596000
R,Key.space,1719248056939854000
P,'u',1719248057191095000
R,'u',1719248057249075000
P,'l',1719248057380076000
R,'l',1719248057475594000
P,'t',1719248057501712000
R,'t',1719248057573188000
P,'i',1719248057577825000
R,'i',1719248057666671000
P,'m',1719248057778775000
R,'m',1719248057864033000
P,'a',1719248057902060000
R,'a',1719248057977939000
P,'t',1719248058264626000
R,'t',1719248058341188000
P,'e',1719248058527667000
R,'e',1719248058628080000
P,Key.space,1719248058688992000
R,Key.space,1719248058800676000
P,'g',1719248059017752000
R,'g',1719248059069406000
P,'o',1719248059098111000
R,'o',1719248059201037000
P,'a',1719248059285818000
P,'l',1719248059363918000
R,'a',1719248059364938000
R,'l',1719248059449775000
P,'.',1719248059559835000
R,'.',1719248059639947000
P,Key.space,1719248059819428000
R,Key.space,1719248059887078000
P,Key.shift,1719248172577834000
R,Key.shift,1719248172730745000
P,Key.media_volume_mute,1719248174953899000
R,Key.media_volume_mute,1719248175020188000
P,Key.shift,1719248176882569000
P,'T',1719248177469787000
R,Key.shift,1719248177529089000
P,'h',1719248177557062000
R,'t',1719248177570373000
R,'h',1719248177630744000
P,'e',1719248177681456000
R,'e',1719248177787491000
P,Key.space,1719248177789019000
R,Key.space,1719248177906793000
P,'r',1719248179366838000
P,'e',1719248179437207000
R,'r',1719248179503633000
R,'e',1719248179571934000
P,'s',1719248179675498000
R,'s',1719248179770915000
P,'p',1719248179781439000
R,'p',1719248179865720000
P,'o',1719248180008730000
R,'o',1719248180077658000
P,Key.backspace,1719248181485229000
R,Key.backspace,1719248181565990000
P,Key.backspace,1719248181648781000
R,Key.backspace,1719248181732047000
P,Key.backspace,1719248181814855000
R,Key.backspace,1719248181902353000
P,Key.backspace,1719248181980048000
R,Key.backspace,1719248182065017000
P,Key.backspace,1719248182160296000
R,Key.backspace,1719248182231445000
P,Key.backspace,1719248182320401000
R,Key.backspace,1719248182413685000
P,Key.backspace,1719248182498275000
R,Key.backspace,1719248182588821000
P,Key.backspace,1719248182670757000
R,Key.backspace,1719248182775427000
P,Key.backspace,1719248183117270000
R,Key.backspace,1719248183190858000
P,Key.shift,1719248183773234000
P,'T',1719248183998059000
R,Key.shift,1719248184073687000
P,'h',1719248184078431000
R,'t',1719248184102762000
R,'h',1719248184132958000
P,'i',1719248184214093000
R,'i',1719248184305226000
P,'s',1719248184311083000
R,'s',1719248184388518000
P,Key.space,1719248184398876000
R,Key.space,1719248184519314000
P,'s',1719248184699210000
R,'s',1719248184780572000
P,'e',1719248184888482000
R,'e',1719248184951361000
P,'e',1719248185004210000
R,'e',1719248185088540000
P,'m',1719248185124470000
P,'e',1719248185250893000
R,'m',1719248185259775000
R,'e',1719248185316006000
P,Key.backspace,1719248185552142000
P,'s',1719248185658480000
R,Key.backspace,1719248185659546000
R,'s',1719248185747637000
P,Key.space,1719248185777548000
R,Key.space,1719248185892912000
P,'l',1719248186223639000
R,'l',1719248186316081000
P,'i',1719248186427303000
R,'i',1719248186498064000
P,'k',1719248186615950000
P,'e',1719248186697364000
R,'k',1719248186714741000
R,'e',1719248186772394000
P,Key.space,1719248186840687000
R,Key.space,1719248186924992000
P,'a',1719248186963550000
R,'a',1719248187052842000
P,Key.space,1719248187091989000
R,Key.space,1719248187191060000
P,'v',1719248187329742000
R,'v',1719248187393589000
P,'e',1719248187516111000
P,'r',1719248187603078000
R,'e',1719248187639567000
R,'r',1719248187685936000
P,'y',1719248187696020000
R,'y',1719248187753981000
P,Key.space,1719248187831998000
R,Key.space,1719248187919707000
P,'m',1719248188115041000
R,'m',1719248188219731000
P,'e',1719248188230213000
R,'e',1719248188302186000
P,'a',1719248188464494000
P,'s',1719248188561314000
R,'a',1719248188607502000
R,'s',1719248188647386000
P,'u',1719248188692480000
R,'u',1719248188764728000
P,'r',1719248188857737000
P,'e',1719248188915994000
R,'r',1719248188954154000
R,'e',1719248189006372000
P,'d',1719248189156799000
R,'d',1719248189235312000
P,Key.space,1719248189261726000
R,Key.space,1719248189359782000
P,'i',1719248190577886000
R,'i',1719248190657998000
P,'n',1719248190757775000
R,'n',1719248190841733000
P,'t',1719248190873469000
R,'t',1719248190931970000
P,'e',1719248191041020000
P,'r',1719248191118996000
R,'e',1719248191163542000
R,'r',1719248191232040000
P,'a',1719248191469362000
R,'a',1719248191531700000
P,'c',1719248191680318000
R,'c',1719248191745904000
P,'t',1719248191886458000
R,'t',1719248191929743000
P,'i',1719248191951445000
P,'o',1719248192073184000
R,'i',1719248192085438000
R,'o',1719248192187603000
P,'n',1719248192248532000
R,'n',1719248192343522000
P,Key.space,1719248192431439000
R,Key.space,1719248192528275000
P,'a',1719248192724521000
R,'a',1719248192796307000
P,'n',1719248192814149000
R,'n',1719248192912003000
P,'d',1719248192920149000
R,'d',1719248192997024000
P,Key.space,1719248193038531000
R,Key.space,1719248193124903000
P,'r',1719248193586548000
P,'e',1719248193652717000
R,'r',1719248193697483000
R,'e',1719248193749377000
P,'s',1719248193864344000
P,'p',1719248193936385000
R,'s',1719248193961569000
R,'p',1719248194031575000
P,'o',1719248194064015000
R,'o',1719248194173153000
P,'n',1719248194299907000
R,'n',1719248194391276000
P,'s',1719248194423069000
R,'s',1719248194487387000
P,'e',1719248194586185000
R,'e',1719248194660678000
P,Key.space,1719248194685291000
R,Key.space,1719248194765058000
P,'l',1719248195123078000
R,'l',1719248195214481000
P,'=',1719248195400717000
R,'=',1719248195477945000
P,Key.backspace,1719248196054807000
R,Key.backspace,1719248196161666000
P,Key.backspace,1719248196246377000
R,Key.backspace,1719248196322785000
P,'p',1719248196623624000
R,'p',1719248196705763000
P,'l',1719248196877899000
R,'l',1719248197016380000
P,'a',1719248197070017000
R,'a',1719248197138705000
P,'n',1719248197198090000
R,'n',1719248197262986000
P,'n',1719248197349358000
R,'n',1719248197422882000
P,'e',1719248197441214000
P,'d',1719248197586225000
R,'e',1719248197608075000
R,'d',1719248197703776000
P,Key.space,1719248197709728000
R,Key.space,1719248197803426000
P,'b',1719248197947488000
R,'b',1719248198032312000
P,'y',1719248198193590000
R,'y',1719248198274197000
P,Key.space,1719248198322093000
R,Key.space,1719248198414802000
P,'b',1719248198754092000
R,'b',1719248198843070000
P,Key.backspace,1719248199148705000
R,Key.backspace,1719248199230548000
P,Key.shift,1719248199261446000
P,'B',1719248199407441000
R,'B',1719248199483101000
R,Key.shift,1719248199507495000
P,'i',1719248199631917000
R,'i',1719248199740068000
P,'d',1719248199806924000
P,'e',1719248199906902000
R,'d',1719248199937685000
R,'e',1719248200000815000
P,'n',1719248200079092000
R,'n',1719248200142943000
P,"""'""",1719248200594217000
R,"""'""",1719248200699190000
P,'s',1719248200731611000
R,'s',1719248200819683000
P,Key.space,1719248200820489000
R,Key.space,1719248200920240000
P,'s',1719248200997839000
R,'s',1719248201075544000
P,'t',1719248201215606000
R,'t',1719248201273066000
P,'a',1719248201443042000
R,'a',1719248201503027000
P,'f',1719248201714648000
R,'f',1719248201779044000
P,'f',1719248201858884000
R,'f',1719248201941990000
P,Key.space,1719248202023735000
R,Key.space,1719248202135169000
P,'t',1719248202185587000
R,'t',1719248202260717000
P,'o',1719248202278275000
R,'o',1719248202398605000
P,Key.space,1719248202447143000
R,Key.space,1719248202562469000
P,'s',1719248203080829000
R,'s',1719248203131107000
P,'h',1719248203240377000
R,'h',1719248203313603000
P,'o',1719248203429912000
R,'o',1719248203498736000
P,'w',1719248203506204000
R,'w',1719248203582147000
P,Key.space,1719248203597987000
R,Key.space,1719248203724253000
P,'s',1719248204197355000
P,'u',1719248204273191000
R,'s',1719248204279126000
R,'u',1719248204364119000
P,'p',1719248204478591000
R,'p',1719248204543668000
P,'p',1719248204627220000
R,'p',1719248204705679000
P,'o',1719248204771641000
R,'o',1719248204878200000
P,'r',1719248204899108000
R,'r',1719248204964458000
P,'t',1719248205092985000
R,'t',1719248205155701000
P,Key.space,1719248205227502000
R,Key.space,1719248205327362000
P,Key.backspace,1719248205863251000
R,Key.backspace,1719248205978164000
P,"','",1719248206077928000
R,"','",1719248206170760000
P,Key.backspace,1719248207055770000
R,Key.backspace,1719248207162574000
P,Key.space,1719248208561519000
R,Key.space,1719248208678780000
P,'a',1719248208781461000
R,'a',1719248208849489000
P,'n',1719248208873529000
R,'n',1719248208993801000
P,'d',1719248209022452000
R,'d',1719248209082101000
P,Key.space,1719248209123578000
R,Key.space,1719248209216207000
P,Key.backspace,1719248209714712000
R,Key.backspace,1719248209765670000
P,Key.backspace,1719248209895769000
R,Key.backspace,1719248209964102000
P,Key.backspace,1719248210065725000
R,Key.backspace,1719248210178121000
P,Key.backspace,1719248210294915000
R,Key.backspace,1719248210374349000
P,'t',1719248211187268000
R,'t',1719248211263090000
P,'o',1719248211358813000
R,'o',1719248211461262000
P,Key.space,1719248211524511000
R,Key.space,1719248211629194000
P,Key.shift,1719248211712340000
P,'U',1719248211804110000
R,'U',1719248211878927000
R,Key.shift,1719248211886068000
P,'k',1719248212108264000
R,'k',1719248212201475000
P,'r',1719248212223431000
R,'r',1719248212295417000
P,'a',1719248212432007000
P,'i',1719248212521304000
R,'a',1719248212529009000
R,'i',1719248212611457000
P,'n',1719248212697784000
P,'e',1719248212788182000
R,'n',1719248212792162000
R,'e',1719248212869298000
P,Key.space,1719248212932833000
R,Key.space,1719248213036241000
P,'a',1719248213136938000
R,'a',1719248213196395000
P,'n',1719248213220415000
R,'n',1719248213332094000
P,'d',1719248213348817000
R,'d',1719248213431651000
P,Key.space,1719248213467416000
R,Key.space,1719248213586126000
P,'r',1719248213757235000
P,'e',1719248213819818000
R,'r',1719248213848454000
R,'e',1719248213918669000
P,'t',1719248214106621000
R,'t',1719248214181122000
P,'a',1719248214338076000
P,'i',1719248214394725000
R,'a',1719248214429603000
R,'i',1719248214483353000
P,'n',1719248214558492000
R,'n',1719248214664714000
P,Key.space,1719248214725375000
R,Key.space,1719248214814749000
P,'t',1719248214865594000
R,'t',1719248214932950000
P,'h',1719248214972280000
R,'h',1719248215058368000
P,'e',1719248215065114000
R,'e',1719248215178771000
P,Key.space,1719248215236661000
R,Key.space,1719248215331603000
P,'s',1719248215555403000
R,'s',1719248215641321000
P,'u',1719248215830089000
R,'u',1719248215908837000
P,'p',1719248216021831000
R,'p',1719248216087028000
P,'p',1719248216154337000
R,'p',1719248216251075000
P,'o',1719248216302199000
R,'o',1719248216402420000
P,'r',1719248216436360000
R,'r',1719248216494609000
P,'t',1719248216622615000
R,'t',1719248216696529000
P,Key.space,1719248216705085000
R,Key.space,1719248216814900000
P,'o',1719248216846323000
R,'o',1719248216961599000
P,'f',1719248217017123000
R,'f',1719248217094051000
P,Key.space,1719248217100276000
R,Key.space,1719248217218951000
P,Key.shift,1719248217445100000
P,'A',1719248217619963000
R,Key.shift,1719248217680997000
R,'a',1719248217738323000
P,'m',1719248217766126000
R,'m',1719248217894746000
P,'e',1719248217945180000
P,'r',1719248218042380000
R,'e',1719248218082990000
R,'r',1719248218137469000
P,'i',1719248218295985000
R,'i',1719248218386203000
P,'c',1719248218406997000
R,'c',1719248218486695000
P,'a',1719248218597709000
R,'a',1719248218689517000
P,'n',1719248218697276000
R,'n',1719248218816207000
P,'s',1719248218919929000
R,'s',1719248218991131000
P,Key.space,1719248219016164000
R,Key.space,1719248219128114000
P,'i',1719248220007768000
R,'i',1719248220091446000
P,'n',1719248220222658000
R,'n',1719248220339595000
P,Key.space,1719248220390436000
R,Key.space,1719248220498844000
P,'t',1719248221447550000
R,'t',1719248221527675000
P,'h',1719248221549307000
R,'h',1719248221648713000
P,'e',1719248221711539000
R,'e',1719248221806733000
P,Key.space,1719248221807994000
R,Key.space,1719248221915828000
P,Key.shift,1719248222179761000
P,'U',1719248222285440000
R,'U',1719248222372364000
R,Key.shift,1719248222606089000
P,'n',1719248222895155000
R,'n',1719248222977922000
P,'i',1719248223063355000
R,'i',1719248223153135000
P,'t',1719248223180117000
R,'t',1719248223239757000
P,'e',1719248223354519000
R,'e',1719248223427337000
P,'d',1719248223510787000
R,'d',1719248223594423000
P,Key.space,1719248223610363000
R,Key.space,1719248223726105000
P,Key.shift,1719248223782053000
P,'S',1719248223934597000
R,Key.shift,1719248224009404000
R,'s',1719248224041181000
P,'t',1719248224197585000
R,'t',1719248224270017000
P,'a',1719248224463296000
R,'a',1719248224536227000
P,'t',1719248224809560000
R,'t',1719248224903560000
P,'e',1719248224918265000
R,'e',1719248225026262000
P,'s',1719248225164118000
R,'s',1719248225233946000
P,"""'""",1719248225529979000
R,"""'""",1719248225634752000
P,Key.space,1719248225725705000
R,Key.space,1719248225826630000
P,'w',1719248226140830000
R,'w',1719248226215817000
P,'a',1719248226434284000
R,'a',1719248226509902000
P,'r',1719248226619455000
R,'r',1719248226700483000
P,Key.space,1719248226716470000
R,Key.space,1719248226814317000
P,'i',1719248226843378000
R,'i',1719248226941396000
P,Key.backspace,1719248227304236000
R,Key.backspace,1719248227392745000
P,Key.backspace,1719248227484387000
R,Key.backspace,1719248227558230000
P,Key.backspace,1719248227645035000
R,Key.backspace,1719248227734183000
P,Key.backspace,1719248227815297000
R,Key.backspace,1719248227898262000
P,Key.backspace,1719248227986782000
R,Key.backspace,1719248228056979000
P,'r',1719248228123859000
R,'r',1719248228194855000
P,'o',1719248228219975000
R,'o',1719248228334305000
P,'l',1719248228458504000
P,'e',1719248228554532000
R,'l',1719248228578755000
R,'e',1719248228633921000
P,Key.space,1719248228670192000
P,'i',1719248228794338000
R,Key.space,1719248228795414000
R,'i',1719248228893400000
P,'n',1719248228923782000
R,'n',1719248229029640000
P,Key.space,1719248229043715000
P,'t',1719248229135723000
R,Key.space,1719248229140031000
R,'t',1719248229218658000
P,'h',1719248229235487000
P,'e',1719248229326580000
R,'h',1719248229328340000
P,Key.space,1719248229409564000
R,'e',1719248229416888000
R,Key.space,1719248229515744000
P,'c',1719248229603555000
R,'c',1719248229682732000
P,'o',1719248229700930000
R,'o',1719248229812138000
P,'n',1719248229912206000
R,'n',1719248230019924000
P,'f',1719248230086204000
P,'l',1719248230166350000
R,'f',1719248230168343000
R,'l',1719248230273864000
P,'i',1719248230342634000
R,'i',1719248230441478000
P,'c',1719248230448920000
R,'c',1719248230520798000
P,'t',1719248230692705000
R,'t',1719248230755281000
P,'/',1719248230791129000
R,'/',1719248230866231000
P,Key.space,1719248231034184000
R,Key.space,1719248231127582000
P,Key.backspace,1719248231764048000
R,Key.backspace,1719248231868942000
P,Key.backspace,1719248231961065000
R,Key.backspace,1719248232039592000
P,'.',1719248232159073000
R,'.',1719248232234449000
P,Key.shift,1719248248764879000
P,'T',1719248248990374000
R,Key.shift,1719248249081983000
R,'t',1719248249105144000
P,'h',1719248249114524000
R,'h',1719248249195885000
P,'o',1719248249336897000
R,'o',1719248249419789000
P,'s',1719248249423302000
R,'s',1719248249495735000
P,Key.backspace,1719248249730765000
R,Key.backspace,1719248249804640000
P,Key.backspace,1719248249885508000
R,Key.backspace,1719248249978795000
P,'i',1719248250090915000
R,'i',1719248250170279000
P,'s',1719248250182405000
R,'s',1719248250261995000
P,Key.space,1719248250262607000
R,Key.space,1719248250393044000
P,'s',1719248250596359000
R,'s',1719248250664242000
P,'e',1719248250789106000
R,'e',1719248250839997000
P,'e',1719248250898607000
R,'e',1719248250980543000
P,'m',1719248251000462000
R,'m',1719248251114118000
P,'s',1719248251119190000
R,'s',1719248251197193000
P,Key.space,1719248251238967000
R,Key.space,1719248251332079000
P,'l',1719248251648087000
R,'l',1719248251738404000
P,'i',1719248251804904000
R,'i',1719248251881976000
P,'k',1719248251998499000
R,'k',1719248252081533000
P,'e',1719248252108405000
R,'e',1719248252173246000
P,Key.space,1719248252220595000
R,Key.space,1719248252314295000
P,'a',1719248252496254000
R,'a',1719248252584822000
P,Key.space,1719248252603723000
R,Key.space,1719248252705547000
P,'m',1719248252842102000
P,'e',1719248252911114000
R,'m',1719248252942248000
R,'e',1719248252973806000
P,'a',1719248253115438000
P,'s',1719248253235806000
R,'a',1719248253263417000
R,'s',1719248253314666000
P,'u',1719248253362960000
R,'u',1719248253444553000
P,'r',1719248253516468000
P,'e',1719248253564585000
R,'r',1719248253612555000
R,'e',1719248253670337000
P,'d',1719248253763706000
R,'d',1719248253837372000
P,Key.space,1719248253859006000
R,Key.space,1719248253968295000
P,Key.backspace,1719248254445676000
R,Key.backspace,1719248254541171000
P,'d',1719248254631837000
R,'d',1719248254698945000
P,'e',1719248254854627000
R,'e',1719248254894780000
P,Key.backspace,1719248255023890000
R,Key.backspace,1719248255099380000
P,Key.backspace,1719248255185532000
R,Key.backspace,1719248255261316000
P,Key.space,1719248255378003000
R,Key.space,1719248255461617000
P,'d',1719248255577152000
P,'e',1719248255686352000
R,'d',1719248255711291000
R,'e',1719248255774349000
P,'c',1719248255887902000
R,'c',1719248255970874000
P,'s',1719248256165447000
R,'s',1719248256193574000
P,Key.backspace,1719248256463384000
R,Key.backspace,1719248256548144000
P,'i',1719248256604525000
R,'i',1719248256705579000
P,'s',1719248256741646000
R,'s',1719248256805259000
P,'i',1719248256873529000
P,'o',1719248257017282000
R,'i',1719248257049155000
R,'o',1719248257147136000
P,'n',1719248257184550000
R,'n',1719248257287059000
P,Key.space,1719248257317362000
R,Key.space,1719248257424348000
P,'c',1719248257679346000
P,'o',1719248257722261000
R,'c',1719248257744614000
R,'o',1719248257810067000
P,'m',1719248257895521000
R,'m',1719248257978777000
P,'i',1719248258069389000
R,'i',1719248258142491000
P,'n',1719248258178377000
R,'n',1719248258257480000
P,'g',1719248258304921000
R,'g',1719248258352286000
P,Key.space,1719248258385433000
R,Key.space,1719248258488853000
P,'f',1719248258611372000
P,'r',1719248258723395000
R,'f',1719248258748462000
P,'o',1719248258766752000
R,'r',1719248258821037000
R,'o',1719248258873725000
P,'m',1719248258897912000
R,'m',1719248259029000000
P,Key.space,1719248259093656000
R,Key.space,1719248259185818000
P,Key.shift,1719248259257173000
P,'B',1719248259419401000
R,Key.shift,1719248259494886000
R,'b',1719248259497026000
P,'i',1719248259622708000
R,'i',1719248259706159000
P,'d',1719248259819635000
P,'e',1719248259918017000
R,'d',1719248259939613000
P,'n',1719248260012383000
R,'e',1719248260022164000
R,'n',1719248260072522000
P,"""'""",1719248260451898000
P,'s',1719248260545736000
R,"""'""",1719248260563202000
R,'s',1719248260624641000
P,Key.space,1719248260643527000
R,Key.space,1719248260749952000
P,'s',1719248261124739000
R,'s',1719248261187976000
P,'t',1719248261356533000
R,'t',1719248261390754000
P,'a',1719248261542654000
R,'a',1719248261617883000
P,'f',1719248261754239000
R,'f',1719248261815486000
P,'f',1719248261888723000
R,'f',1719248261965738000
P,Key.space,1719248262051201000
R,Key.space,1719248262162649000
P,'t',1719248262185315000
R,'t',1719248262257137000
P,'o',1719248262290982000
R,'o',1719248262401126000
P,Key.space,1719248262427783000
R,Key.space,1719248262532937000
P,'r',1719248262875384000
P,'e',1719248262944608000
R,'r',1719248262984690000
R,'e',1719248263044111000
P,'t',1719248263296903000
R,'t',1719248263369370000
P,'a',1719248263538352000
P,'i',1719248263573441000
R,'a',1719248263623064000
R,'i',1719248263672595000
P,'n',1719248263756359000
R,'n',1719248263835223000
P,Key.space,1719248263926683000
R,Key.space,1719248263982989000
P,'t',1719248264021784000
R,'t',1719248264062031000
P,'h',1719248264130482000
R,'h',1719248264220703000
P,'e',1719248264272249000
R,'e',1719248264338572000
P,Key.space,1719248264345940000
R,Key.space,1719248264453525000
P,'s',1719248264688039000
R,'s',1719248264780808000
P,'u',1719248264860988000
R,'u',1719248264939262000
P,'p',1719248265073976000
R,'p',1719248265156348000
P,'p',1719248265232356000
R,'p',1719248265296692000
P,'o',1719248265396490000
R,'o',1719248265496471000
P,'r',1719248265541027000
R,'r',1719248265603253000
P,'t',1719248265756974000
R,'t',1719248265819794000
P,Key.space,1719248265857248000
R,Key.space,1719248265960932000
P,'o',1719248266024892000
R,'o',1719248266132839000
P,'f',1719248266270933000
P,Key.space,1719248266320314000
R,'f',1719248266331455000
R,Key.space,1719248266445392000
P,'t',1719248266770733000
R,'t',1719248266846376000
P,'h',1719248266894312000
R,'h',1719248266964046000
P,'e',1719248266981299000
R,'e',1719248267060732000
P,Key.space,1719248267094254000
R,Key.space,1719248267207566000
P,'a',1719248267291051000
R,'a',1719248267364199000
P,Key.backspace,1719248267564397000
P,Key.shift,1719248267662154000
R,Key.backspace,1719248267664032000
P,'A',1719248267776041000
R,Key.shift,1719248267856225000
R,'a',1719248267896346000
P,'m',1719248267939049000
R,'m',1719248268039815000
P,'e',1719248268101166000
P,'r',1719248268197287000
R,'e',1719248268228663000
R,'r',1719248268271616000
P,'i',1719248268317482000
R,'i',1719248268422212000
P,'c',1719248268457302000
R,'c',1719248268536651000
P,'a',1719248268635150000
P,'n',1719248268664661000
R,'a',1719248268720245000
R,'n',1719248268753991000
P,Key.space,1719248268863444000
R,Key.space,1719248268964340000
P,'p',1719248269244461000
P,'e',1719248269339505000
R,'p',1719248269370127000
R,'e',1719248269407538000
P,'o',1719248269481092000
P,'p',1719248269587582000
R,'o',1719248269637854000
R,'p',1719248269688455000
P,'l',1719248269783714000
P,'e',1719248269873774000
R,'l',1719248269876043000
R,'e',1719248269957280000
P,Key.space,1719248269998794000
R,Key.space,1719248270105158000
P,'a',1719248270270286000
P,'n',1719248270338781000
R,'a',1719248270349355000
R,'n',1719248270457692000
P,'d',1719248270489778000
R,'d',1719248270547001000
P,Key.space,1719248270597120000
R,Key.space,1719248270698010000
P,'s',1719248272466837000
R,'s',1719248272569254000
P,'h',1719248272570944000
R,'h',1719248272647263000
P,'o',1719248272704484000
R,'o',1719248272812223000
P,'w',1719248272820568000
R,'w',1719248272904262000
P,Key.space,1719248272932138000
R,Key.space,1719248273046878000
P,'o',1719248273114035000
R,'o',1719248273218603000
P,'t',1719248273295015000
R,'t',1719248273331809000
P,'h',1719248273351395000
R,'h',1719248273436388000
P,'e',1719248273463734000
P,'r',1719248273555379000
R,'e',1719248273593228000
P,Key.space,1719248273648503000
R,'r',1719248273655442000
R,Key.space,1719248273773752000
P,'c',1719248273915288000
R,'c',1719248274007308000
P,'o',1719248274010253000
R,'o',1719248274135996000
P,'u',1719248274234420000
R,'u',1719248274322996000
P,'n',1719248274453832000
R,'n',1719248274539133000
P,'t',1719248274555793000
P,'r',1719248274632118000
R,'t',1719248274682485000
R,'r',1719248274748403000
P,'i',1719248274765825000
R,'i',1719248274864327000
P,'e',1719248274972957000
R,'e',1719248275056801000
P,'s',1719248275165830000
R,'s',1719248275238639000
P,Key.space,1719248275257702000
R,Key.space,1719248275370196000
P,'h',1719248275472453000
R,'h',1719248275575891000
P,'i',1719248275676398000
R,'i',1719248275793370000
P,'s',1719248275819835000
R,'s',1719248275882094000
P,Key.space,1719248275953005000
R,Key.space,1719248276056071000
P,'i',1719248276127561000
R,'i',1719248276230412000
P,'n',1719248276280994000
R,'n',1719248276400680000
P,'t',1719248276452967000
R,'t',1719248276524037000
P,'e',1719248276615561000
R,'e',1719248276706417000
P,'n',1719248276721503000
R,'n',1719248276838830000
P,'t',1719248276871842000
R,'t',1719248276940602000
P,'i',1719248276957502000
P,'o',1719248277037588000
R,'i',1719248277073659000
R,'o',1719248277165750000
P,'n',1719248277197847000
R,'n',1719248277293377000
P,'s',1719248277294386000
R,'s',1719248277378295000
P,'.',1719248277774767000
R,'.',1719248277844857000
P,Key.space,1719248277989838000
R,Key.space,1719248278060465000
P,Key.shift,1719248287331779000
P,'T',1719248287536065000
R,Key.shift,1719248287591827000
P,'h',1719248287619949000
R,'t',1719248287651006000
R,'h',1719248287720579000
P,'e',1719248287778161000
R,'e',1719248287801337000
P,Key.backspace,1719248287978702000
R,Key.backspace,1719248288085541000
P,'i',1719248288404761000
R,'i',1719248288471489000
P,'s',1719248288506376000
R,'s',1719248288588003000
P,Key.space,1719248288615200000
P,'s',1719248288740939000
R,Key.space,1719248288741742000
R,'s',1719248288805272000
P,'e',1719248288923443000
R,'e',1719248288995554000
P,'e',1719248289073719000
R,'e',1719248289168368000
P,'m',1719248289223043000
R,'m',1719248289335297000
P,'s',1719248289336342000
R,'s',1719248289401531000
P,Key.space,1719248289453115000
R,Key.space,1719248289541602000
P,'l',1719248289764459000
R,'l',1719248289868529000
P,'i',1719248289933577000
R,'i',1719248290002243000
P,'k',1719248290107699000
P,'e',1719248290176988000
R,'k',1719248290190955000
R,'e',1719248290252417000
P,Key.space,1719248290292081000
R,Key.space,1719248290402532000
P,'a',1719248290440873000
R,'a',1719248290536244000
P,Key.space,1719248290543341000
R,Key.space,1719248290657516000
P,'m',1719248290980950000
P,'e',1719248291046206000
R,'m',1719248291076410000
R,'e',1719248291124634000
P,'a',1719248291259908000
P,'s',1719248291385027000
R,'a',1719248291429095000
R,'s',1719248291472873000
P,'u',1719248291537896000
R,'u',1719248291623074000
P,'r',1719248291683488000
P,'e',1719248291729654000
R,'r',1719248291769444000
R,'e',1719248291832957000
P,'d',1719248291927797000
R,'d',1719248291983121000
P,Key.space,1719248292036015000
R,Key.space,1719248292144348000
P,'d',1719248292563691000
P,'e',1719248292684498000
R,'d',1719248292691265000
R,'e',1719248292766990000
P,'c',1719248292903065000
R,'c',1719248292977701000
P,'i',1719248293040110000
R,'i',1719248293134469000
P,'s',1719248293202014000
R,'s',1719248293269631000
P,'i',1719248293285873000
P,'o',1719248293368473000
R,'i',1719248293424919000
R,'o',1719248293498933000
P,'n',1719248293538835000
R,'n',1719248293633164000
P,Key.space,1719248293692406000
R,Key.space,1719248293794108000
P,'o',1719248293911410000
R,'o',1719248294019582000
P,'n',1719248294072670000
R,'n',1719248294161244000
P,Key.space,1719248294201762000
R,Key.space,1719248294284954000
P,'t',1719248294356479000
R,'t',1719248294399341000
P,'h',1719248294434972000
R,'h',1719248294521669000
P,'e',1719248294563564000
R,'e',1719248294634488000
P,Key.space,1719248294663872000
R,Key.space,1719248294764099000
P,'p',1719248294826123000
R,'p',1719248294926113000
P,'a',1719248294945820000
R,'a',1719248294997113000
P,'r',1719248295151927000
R,'r',1719248295219880000
P,'t',1719248295365774000
R,'t',1719248295422187000
P,Key.space,1719248295441991000
R,Key.space,1719248295550558000
P,'o',1719248295589305000
R,'o',1719248295697987000
P,'f',1719248295766081000
R,'f',1719248295820435000
P,Key.space,1719248295838866000
R,Key.space,1719248295960351000
P,Key.shift,1719248296324799000
P,'B',1719248296391889000
R,'B',1719248296473667000
R,Key.shift,1719248296487754000
P,'i',1719248296557169000
R,'i',1719248296649046000
P,'d',1719248296810654000
P,'e',1719248296900580000
R,'d',1719248296933440000
R,'e',1719248297020714000
P,'n',1719248297054782000
R,'n',1719248297126874000
P,';',1719248297517124000
R,';',1719248297634688000
P,'s',1719248297725452000
R,'s',1719248297795549000
P,Key.space,1719248297817692000
R,Key.space,1719248297933608000
P,'s',1719248298436388000
R,'s',1719248298508190000
P,'t',1719248298649310000
R,'t',1719248298717675000
P,'a',1719248298858332000
R,'a',1719248298930527000
P,'f',1719248299086799000
R,'f',1719248299128482000
P,'f',1719248299213062000
R,'f',1719248299277179000
P,Key.space,1719248299391219000
R,Key.space,1719248299510991000
P,'t',1719248299578636000
R,'t',1719248299626156000
P,'o',1719248299668333000
R,'o',1719248299784536000
P,Key.space,1719248299824965000
R,Key.space,1719248299924028000
P,Key.backspace,1719248300069225000
R,Key.backspace,1719248300210759000
P,Key.backspace,1719248301534081000
R,Key.backspace,1719248301626413000
P,"""'""",1719248302084110000
R,"""'""",1719248302160647000
P,Key.space,1719248303333527000
R,Key.space,1719248303430824000
P,'k',1719248303623519000
R,'k',1719248303716159000
P,'e',1719248303736392000
R,'e',1719248303799895000
P,'e',1719248303858374000
R,'e',1719248303933544000
P,'p',1719248303966317000
R,'p',1719248304060462000
P,Key.space,1719248304099944000
R,Key.space,1719248304200011000
P,'t',1719248304258140000
R,'t',1719248304297809000
P,'h',1719248304365570000
R,'h',1719248304472254000
P,'e',1719248304491442000
R,'e',1719248304564161000
P,Key.space,1719248304574548000
R,Key.space,1719248304683880000
P,'s',1719248304815191000
R,'s',1719248304893638000
P,'u',1719248304933889000
R,'u',1719248305003557000
P,'p',1719248305132407000
R,'p',1719248305207509000
P,'p',1719248305294246000
R,'p',1719248305393797000
P,'o',1719248305398932000
R,'o',1719248305502184000
P,'r',1719248305550180000
R,'r',1719248305595303000
P,'t',1719248305719433000
R,'t',1719248305768997000
P,Key.space,1719248305794877000
R,Key.space,1719248305885887000
P,'o',1719248305902841000
R,'o',1719248305942639000
P,'f',1719248306377125000
R,'f',1719248306444947000
P,Key.space,1719248306494851000
R,Key.space,1719248306598457000
P,Key.shift,1719248306716037000
P,'A',1719248306834012000
R,Key.shift,1719248306893043000
P,'m',1719248306943650000
R,'a',1719248306950559000
R,'m',1719248307052049000
P,'e',1719248307173669000
P,'r',1719248307266875000
R,'e',1719248307306663000
R,'r',1719248307333461000
P,'i',1719248307350328000
R,'i',1719248307427247000
P,'c',1719248307506951000
R,'c',1719248307574591000
P,'a',1719248307693462000
P,'n',1719248307758979000
R,'a',1719248307763675000
R,'n',1719248307852408000
P,'s',1719248307945270000
R,'s',1719248308014285000
P,Key.space,1719248308027514000
R,Key.space,1719248308134274000
P,'a',1719248308192177000
R,'a',1719248308259743000
P,'n',1719248308261588000
R,'n',1719248308365591000
P,'d',1719248308399885000
R,'d',1719248308460368000
P,Key.space,1719248308491128000
R,Key.space,1719248308607980000
P,'s',1719248308797696000
P,'h',1719248308866976000
R,'s',1719248308884375000
R,'h',1719248308949922000
P,'o',1719248308991291000
P,'w',1719248309100369000
R,'o',1719248309117679000
R,'w',1719248309158804000
P,Key.space,1719248309202066000
R,Key.space,1719248309309939000
P,'t',1719248309410343000
R,'t',1719248309467777000
P,'h',1719248309492685000
R,'h',1719248309586472000
P,'e',1719248309608751000
R,'e',1719248309742066000
P,'i',1719248309817832000
R,'i',1719248309927304000
P,'r',1719248309934943000
R,'r',1719248310009333000
P,Key.space,1719248310049819000
R,Key.space,1719248310164786000
P,'i',1719248310558458000
R,'i',1719248310650772000
P,'n',1719248310729650000
R,'n',1719248310818616000
P,'t',1719248310894896000
R,'t',1719248310961349000
P,'e',1719248311044945000
R,'e',1719248311129963000
P,'n',1719248311168693000
R,'n',1719248311252377000
P,'t',1719248311311884000
R,'t',1719248311340053000
P,'i',1719248311368582000
P,'o',1719248311448037000
R,'i',1719248311508434000
P,'n',1719248311588176000
R,'o',1719248311600145000
R,'n',1719248311717984000
P,'s',1719248311727604000
R,'s',1719248311807821000
P,Key.space,1719248311839453000
R,Key.space,1719248311940767000
P,'i',1719248312026343000
R,'i',1719248312125640000
P,'n',1719248312172199000
R,'n',1719248312278098000
P,'t',1719248312332623000
R,'t',1719248312399246000
P,'e',1719248312519391000
P,'r',1719248312611614000
R,'e',1719248312639240000
R,'r',1719248312680723000
P,'n',1719248312841200000
R,'n',1719248312934408000
P,'a',1719248312998826000
R,'a',1719248313061357000
P,'t',1719248313234890000
R,'t',1719248313298208000
P,'i',1719248313351276000
R,'i',1719248313434820000
P,'o',1719248313636609000
R,'o',1719248313748139000
P,'n',1719248313834807000
R,'n',1719248313924760000
P,'a',1719248313957242000
R,'a',1719248314022905000
P,'l',1719248314075945000
R,'l',1719248314150119000
P,'l',1719248314242764000
R,'l',1719248314325971000
P,'y',1719248314419507000
R,'y',1719248314490003000
P,'.',1719248314823311000
R,'.',1719248314893034000
P,Key.space,1719248315046302000
R,Key.space,1719248315108513000
P,Key.ctrl,1719248490397518000
R,Key.ctrl,1719248490896061000
P,'2',1719248522874214000
R,'2',1719248522954062000
P,Key.enter,1719248523512144000
R,Key.enter,1719248523628449000
P,Key.cmd,1719248525971659000
P,'c',1719248532283643000
R,'c',1719248532416472000
P,'c',1719248532579598000
R,'c',1719248532707303000
R,Key.cmd,1719248532765973000
P,Key.cmd,1719248534275441000
P,'c',1719248534439670000
R,'c',1719248534531893000
P,'c',1719248534630680000
R,'c',1719248534722679000
P,'c',1719248534796020000
R,'c',1719248534877325000
R,Key.cmd,1719248534883034000
P,Key.ctrl,1719248536205885000
R,Key.ctrl,1719248536671824000
P,Key.cmd,1719248536903360000
P,'c',1719248537083023000
R,'c',1719248537174189000
P,'c',1719248537276313000
R,'c',1719248537379617000
R,Key.cmd,1719248537405230000
P,Key.ctrl,1719248538240256000
P,'c',1719248538829723000
