R,Key.enter,1724622135894961000
P,Key.shift,1724622162076789000
P,'I',1724622164533705000
R,Key.shift,1724622164555868000
R,'i',1724622164611180000
P,'t',1724622164660431000
R,'t',1724622164716923000
P,"""'""",1724622164982649000
R,"""'""",1724622165044868000
P,'s',1724622165074104000
R,'s',1724622165133732000
P,Key.space,1724622165165558000
R,Key.space,1724622165215797000
P,'a',1724622165258359000
R,'a',1724622165322007000
P,Key.space,1724622165323355000
R,Key.space,1724622165361622000
P,'c',1724622165475070000
R,'c',1724622165541140000
P,'o',1724622165542183000
R,'o',1724622165600460000
P,'n',1724622165682528000
R,'n',1724622165743069000
P,'v',1724622165790464000
R,'v',1724622165846847000
P,'e',1724622165900254000
R,'e',1724622165990485000
P,'r',1724622166072637000
R,'r',1724622166137146000
P,'s',1724622166281387000
P,'a',1724622166351001000
R,'s',1724622166362385000
R,'a',1724622166435569000
P,'t',1724622166986530000
P,'i',1724622167046599000
R,'t',1724622167050050000
R,'i',1724622167100373000
P,'o',1724622167182965000
R,'o',1724622167247254000
P,'n',1724622167315270000
R,'n',1724622167376146000
P,Key.space,1724622167469280000
R,Key.space,1724622167525790000
P,'b',1724622167621988000
R,'b',1724622167678438000
P,'e',1724622167705244000
R,'e',1724622167756302000
P,'t',1724622167836888000
R,'t',1724622167896552000
P,'w',1724622167999411000
R,'w',1724622168071340000
P,'e',1724622168364874000
R,'e',1724622168417830000
P,'e',1724622168562013000
R,'e',1724622168626736000
P,'n',1724622168696718000
R,'n',1724622168753493000
P,Key.space,1724622168833823000
R,Key.space,1724622168901969000
P,'c',1724622169310189000
R,'c',1724622169370286000
P,'o',1724622169385252000
R,'o',1724622169456896000
P,'a',1724622169486383000
R,'a',1724622169575823000
P,'c',1724622169599359000
P,'h',1724622169653589000
R,'c',1724622169659757000
R,'h',1724622169704435000
P,Key.space,1724622169800956000
R,Key.space,1724622169869659000
P,'a',1724622169889093000
P,'n',1724622169956203000
R,'a',1724622169964002000
R,'n',1724622170008505000
P,'d',1724622170037395000
R,'d',1724622170105932000
P,Key.space,1724622170107638000
R,Key.space,1724622170141541000
P,'p',1724622171302729000
R,'p',1724622171345700000
P,'l',1724622171449240000
R,'l',1724622171514484000
P,'a',1724622171537692000
R,'a',1724622171609963000
P,'y',1724622171640630000
R,'y',1724622171709273000
P,'e',1724622171727365000
R,'e',1724622171786995000
P,'r',1724622171884112000
R,'r',1724622171949086000
P,'s',1724622172080032000
R,'s',1724622172130248000
P,Key.space,1724622172177102000
R,Key.space,1724622172238283000
P,'w',1724622173262839000
R,'w',1724622173310044000
P,'h',1724622173314062000
R,'h',1724622173362444000
P,'o',1724622173454020000
R,'o',1724622173511144000
P,Key.space,1724622173625955000
R,Key.space,1724622173678827000
P,'t',1724622173781555000
R,'t',1724622173841178000
P,'h',1724622173845982000
R,'h',1724622173892202000
P,'e',1724622173954073000
R,'e',1724622174019056000
P,Key.space,1724622174020830000
R,Key.space,1724622174054372000
P,'c',1724622174111350000
R,'c',1724622174167888000
P,'o',1724622174184455000
R,'o',1724622174240288000
P,'a',1724622174359962000
R,'a',1724622174427710000
P,'c',1724622174496250000
R,'c',1724622174572534000
P,'h',1724622174595036000
R,'h',1724622174635185000
P,Key.space,1724622175121208000
R,Key.space,1724622175196132000
P,'w',1724622175293959000
R,'w',1724622175373556000
P,'i',1724622175416717000
R,'i',1724622175465588000
P,'l',1724622175581397000
R,'l',1724622175641526000
P,'l',1724622175696934000
R,'l',1724622175766835000
P,Key.space,1724622176345814000
R,Key.space,1724622176441213000
P,'b',1724622176555170000
R,'b',1724622176597411000
P,'e',1724622176638401000
R,'e',1724622176687447000
P,Key.space,1724622176707958000
R,Key.space,1724622176756275000
P,'t',1724622176884000000
R,'t',1724622176948707000
P,'r',1724622177030547000
R,'r',1724622177103839000
P,'a',1724622177251049000
P,'i',1724622177315913000
R,'a',1724622177338223000
R,'i',1724622177378381000
P,'n',1724622177449725000
R,'n',1724622177517524000
P,'i',1724622177539192000
P,'n',1724622177631082000
R,'i',1724622177652122000
R,'n',1724622177707070000
P,'g',1724622177723211000
R,'g',1724622177783714000
P,'.',1724622177862636000
R,'.',1724622177923560000
P,Key.space,1724622177949678000
R,Key.space,1724622178001605000
P,Key.space,1724622192539054000
R,Key.space,1724622192617991000
P,Key.backspace,1724622193088068000
R,Key.backspace,1724622193190700000
P,Key.right,1724622194352513000
P,Key.right,1724622194853623000
P,Key.right,1724622194937681000
P,Key.right,1724622195020463000
P,Key.right,1724622195103456000
P,Key.right,1724622195187851000
P,Key.right,1724622195271823000
P,Key.right,1724622195355899000
P,Key.right,1724622195440221000
P,Key.right,1724622195524429000
P,Key.right,1724622195608376000
P,Key.right,1724622195691393000
P,Key.right,1724622195775463000
P,Key.right,1724622195859534000
P,Key.right,1724622195943688000
P,Key.right,1724622196030526000
P,Key.right,1724622196112405000
P,Key.right,1724622196195472000
P,Key.right,1724622196279416000
P,Key.right,1724622196372694000
P,Key.right,1724622196457201000
P,Key.right,1724622196534545000
P,Key.right,1724622196615646000
P,Key.right,1724622196699095000
P,Key.right,1724622196783085000
P,Key.right,1724622196867197000
P,Key.right,1724622196950775000
P,Key.right,1724622197034835000
R,Key.right,1724622197074665000
P,Key.shift,1724622197485297000
P,'T',1724622197997350000
R,Key.shift,1724622198041743000
R,'t',1724622198060068000
P,'h',1724622198146758000
R,'h',1724622198216683000
P,'e',1724622198237794000
R,'e',1724622198286917000
P,Key.space,1724622198307327000
R,Key.space,1724622198359129000
P,'c',1724622198366105000
R,'c',1724622198426182000
P,'o',1724622198467280000
R,'o',1724622198533270000
P,'a',1724622198553213000
P,'c',1724622198628781000
R,'a',1724622198648297000
P,'h',1724622198704331000
R,'c',1724622198712394000
R,'h',1724622198760806000
P,Key.space,1724622198869731000
R,Key.space,1724622198922200000
P,'i',1724622199029231000
R,'i',1724622199098754000
P,'s',1724622199124810000
R,'s',1724622199186505000
P,Key.space,1724622199194008000
R,Key.space,1724622199230067000
P,'g',1724622200665404000
R,'g',1724622200717037000
P,'i',1724622200732536000
R,'i',1724622200788283000
P,'v',1724622200956991000
R,'v',1724622201013306000
P,'i',1724622201018889000
R,'i',1724622201092080000
P,'n',1724622201132538000
R,'n',1724622201197625000
P,'g',1724622201242790000
R,'g',1724622201299441000
P,Key.space,1724622201321236000
R,Key.space,1724622201369847000
P,'a',1724622201455675000
R,'a',1724622201522625000
P,Key.space,1724622201530370000
R,Key.space,1724622201582505000
P,'v',1724622203293798000
R,'v',1724622203332384000
P,'a',1724622203438614000
P,'l',1724622203506525000
R,'a',1724622203529889000
R,'l',1724622203576169000
P,'u',1724622203694593000
R,'u',1724622203759730000
P,'a',1724622203855279000
R,'a',1724622203932252000
P,'b',1724622203967625000
R,'b',1724622204012310000
P,'l',1724622204116988000
R,'l',1724622204194666000
P,'e',1724622204204248000
R,'e',1724622204255977000
P,Key.space,1724622204281912000
R,Key.space,1724622204333920000
P,'l',1724622204801308000
R,'l',1724622204882711000
P,'e',1724622204887724000
R,'e',1724622204966711000
P,'s',1724622205068865000
R,'s',1724622205125723000
P,'s',1724622205205734000
R,'s',1724622205283188000
P,'o',1724622205338546000
R,'o',1724622205413509000
P,'n',1724622205517624000
R,'n',1724622205562961000
P,Key.space,1724622205672681000
R,Key.space,1724622205725287000
P,'t',1724622205805968000
R,'t',1724622205854184000
P,'o',1724622205871811000
R,'o',1724622205937894000
P,Key.space,1724622206032868000
R,Key.space,1724622206080699000
P,'o',1724622206407927000
R,'o',1724622206463288000
P,'n',1724622206572532000
R,'n',1724622206637704000
P,'e',1724622206746697000
R,'e',1724622206811382000
P,Key.space,1724622206835707000
R,Key.space,1724622206891715000
P,'o',1724622206988802000
P,'f',1724622207041373000
R,'o',1724622207056670000
R,'f',1724622207091733000
P,'t',1724622207210826000
R,'t',1724622207271114000
P,'h',1724622207373570000
R,'h',1724622207430485000
P,Key.backspace,1724622207719399000
R,Key.backspace,1724622207769841000
P,Key.backspace,1724622208142266000
R,Key.backspace,1724622208205714000
P,Key.space,1724622208796905000
R,Key.space,1724622208832329000
P,'t',1724622209305628000
R,'t',1724622209375512000
P,'h',1724622209382299000
R,'h',1724622209445029000
P,'e',1724622209496589000
R,'e',1724622209558708000
P,Key.space,1724622209564780000
R,Key.space,1724622209621616000
P,'p',1724622210772205000
R,'p',1724622210808272000
P,'l',1724622210897332000
R,'l',1724622210983574000
P,'a',1724622211007323000
R,'a',1724622211092785000
P,'y',1724622211111568000
R,'y',1724622211178566000
P,'e',1724622211231365000
R,'e',1724622211282002000
P,'r',1724622211377164000
R,'r',1724622211437900000
P,'s',1724622211548324000
R,'s',1724622211610358000
P,Key.space,1724622211631036000
R,Key.space,1724622211674189000
P,'w',1724622211769796000
R,'w',1724622211840958000
P,'h',1724622211845242000
R,'h',1724622211896564000
P,'o',1724622211977019000
R,'o',1724622212057606000
P,Key.space,1724622212184612000
R,Key.space,1724622212228377000
P,'n',1724622212929749000
R,'n',1724622212998015000
P,'e',1724622213049638000
R,'e',1724622213106703000
P,'e',1724622213197635000
R,'e',1724622213263198000
P,'d',1724622213368167000
R,'d',1724622213415046000
P,'s',1724622213526669000
R,'s',1724622213587488000
P,Key.space,1724622213632703000
R,Key.space,1724622213690009000
P,'t',1724622217106188000
R,'t',1724622217179107000
P,'o',1724622217211535000
R,'o',1724622217287629000
P,Key.space,1724622217374404000
R,Key.space,1724622217440081000
P,'l',1724622218485030000
R,'l',1724622218575419000
P,'e',1724622218599750000
P,'a',1724622218630841000
R,'e',1724622218679247000
R,'a',1724622218702628000
P,'r',1724622218777630000
R,'r',1724622218838564000
P,'n',1724622218881199000
R,'n',1724622218935857000
P,Key.space,1724622219048155000
R,Key.space,1724622219092606000
P,'t',1724622222894611000
R,'t',1724622222966715000
P,'h',1724622222981269000
R,'h',1724622223037379000
P,'e',1724622223088579000
R,'e',1724622223149522000
P,Key.space,1724622223160602000
R,Key.space,1724622223216487000
P,'d',1724622223353591000
P,'e',1724622223417446000
R,'d',1724622223428278000
R,'e',1724622223525278000
P,'c',1724622223644839000
R,'c',1724622223679464000
P,'o',1724622224024676000
R,'o',1724622224111258000
P,'r',1724622224712717000
R,'r',1724622224775521000
P,'u',1724622224783342000
R,'u',1724622224843065000
P,'m',1724622224962426000
R,'m',1724622225030289000
P,Key.space,1724622225116474000
R,Key.space,1724622225173599000
P,'o',1724622225274833000
R,'o',1724622225336344000
P,'f',1724622225355432000
R,'f',1724622225415284000
P,Key.space,1724622225441179000
R,Key.space,1724622225501245000
P,'t',1724622225565807000
R,'t',1724622225637786000
P,'h',1724622225694560000
R,'h',1724622225751066000
P,Key.backspace,1724622226102811000
R,Key.backspace,1724622226159518000
P,Key.backspace,1724622226239846000
R,Key.backspace,1724622226314288000
P,'a',1724622226481917000
P,'n',1724622226559973000
R,'a',1724622226570804000
R,'n',1724622226618255000
P,'y',1724622226743183000
R,'y',1724622226803896000
P,Key.space,1724622227275622000
R,Key.space,1724622227324674000
P,'c',1724622229152798000
R,'c',1724622229226818000
P,'o',1724622229251066000
P,'a',1724622229322704000
R,'o',1724622229330113000
P,'c',1724622229399267000
R,'a',1724622229414301000
P,'h',1724622229466556000
R,'c',1724622229490694000
R,'h',1724622229518279000
P,'i',1724622229575432000
P,'n',1724622229686226000
R,'i',1724622229696712000
R,'n',1724622229738212000
P,'g',1724622229754770000
R,'g',1724622229818197000
P,Key.space,1724622229848413000
R,Key.space,1724622229904861000
P,'s',1724622229983353000
R,'s',1724622230046600000
P,'e',1724622230136235000
R,'e',1724622230192599000
P,'s',1724622230306769000
R,'s',1724622230342270000
P,'s',1724622230429512000
R,'s',1724622230508608000
P,'i',1724622230514720000
R,'i',1724622230547888000
P,'o',1724622230662474000
R,'o',1724622230718605000
P,'n',1724622230899206000
R,'n',1724622230967292000
P,Key.space,1724622231096242000
R,Key.space,1724622231143432000
P,Key.backspace,1724622231600739000
R,Key.backspace,1724622231668338000
P,'s',1724622231751741000
R,'s',1724622231812615000
P,'.',1724622232712762000
R,'.',1724622232773031000
P,Key.right,1724622244420969000
R,Key.right,1724622244528741000
P,Key.space,1724622244727617000
R,Key.space,1724622244820364000
P,'x',1724622245645328000
R,'x',1724622245717298000
P,'x',1724622245879837000
R,'x',1724622245947884000
P,'x',1724622246304379000
R,'x',1724622246368644000
P,'x',1724622246518484000
R,'x',1724622246579006000
P,'y',1724622247604381000
R,'y',1724622247662940000
P,'y',1724622247759585000
R,'y',1724622247832447000
P,'y',1724622247939793000
R,'y',1724622247996203000
P,'y',1724622248091280000
R,'y',1724622248156320000
P,'y',1724622249232151000
R,'y',1724622249301930000
P,Key.left,1724622249964635000
R,Key.left,1724622250078561000
P,Key.left,1724622250146871000
R,Key.left,1724622250212062000
P,Key.left,1724622250294295000
R,Key.left,1724622250361481000
P,Key.left,1724622250461877000
R,Key.left,1724622250521172000
P,Key.left,1724622250612968000
R,Key.left,1724622250687938000
P,'x',1724622251239030000
R,'x',1724622251298086000
P,Key.shift,1724622261849620000
P,'T',1724622262016768000
R,'T',1724622262084610000
R,Key.shift,1724622262096396000
P,'h',1724622262180913000
P,'e',1724622262245943000
R,'h',1724622262248183000
R,'e',1724622262301880000
P,Key.space,1724622262340012000
R,Key.space,1724622262397892000
P,'w',1724622262439076000
R,'w',1724622262505808000
P,'i',1724622262514652000
R,'i',1724622262588788000
P,'l',1724622262697738000
R,'l',1724622262756367000
P,'l',1724622262824716000
R,'l',1724622262891151000
P,Key.backspace,1724622263847825000
R,Key.backspace,1724622263919222000
P,Key.backspace,1724622264001224000
R,Key.backspace,1724622264065447000
P,Key.backspace,1724622264159033000
R,Key.backspace,1724622264202459000
P,Key.backspace,1724622264289315000
P,Key.shift,1724622264326909000
R,Key.backspace,1724622264367688000
P,'W',1724622264409124000
R,'W',1724622264521203000
R,Key.shift,1724622264535581000
P,'i',1724622264543647000
R,'i',1724622264618171000
P,'l',1724622264735421000
R,'l',1724622264794781000
P,'l',1724622264871008000
R,'l',1724622264938194000
P,Key.space,1724622265059457000
R,Key.space,1724622265109700000
P,Key.shift,1724622265143039000
P,'S',1724622265201341000
R,Key.shift,1724622265276279000
R,'s',1724622265305455000
P,'m',1724622265315967000
P,'o',1724622265426704000
R,'m',1724622265441780000
P,'i',1724622265460886000
R,'o',1724622265493293000
R,'i',1724622265500890000
P,'t',1724622265635360000
R,'t',1724622265695380000
P,Key.backspace,1724622265929557000
R,Key.backspace,1724622265985286000
P,Key.backspace,1724622266078902000
R,Key.backspace,1724622266154356000
P,Key.backspace,1724622266537192000
R,Key.backspace,1724622266585453000
P,'i',1724622266772461000
R,'i',1724622266841682000
P,'t',1724622266900062000
R,'t',1724622266968611000
P,'h',1724622266984489000
R,'h',1724622267040420000
P,Key.space,1724622267136173000
R,Key.space,1724622267207396000
P,'p',1724622267349640000
R,'p',1724622267409223000
P,'o',1724622267512227000
R,'o',1724622267583590000
P,'s',1724622267632084000
R,'s',1724622267708772000
P,'t',1724622267818816000
R,'t',1724622267887124000
P,Key.space,1724622267897377000
R,Key.space,1724622267957961000
P,'b',1724622270381346000
P,'r',1724622270437298000
R,'b',1724622270450664000
R,'r',1724622270500614000
P,'o',1724622270585727000
R,'o',1724622270660621000
P,'g',1724622270755561000
R,'g',1724622270786860000
P,'u',1724622270788494000
R,'u',1724622270853358000
P,Key.backspace,1724622271436878000
R,Key.backspace,1724622271488899000
P,Key.backspace,1724622271576393000
R,Key.backspace,1724622271653928000
P,'u',1724622271799426000
R,'u',1724622271873598000
P,'g',1724622271950340000
R,'g',1724622272011252000
P,'h',1724622272034004000
R,'h',1724622272086473000
P,Key.space,1724622272181219000
R,Key.space,1724622272253787000
P,'s',1724622272381459000
P,'i',1724622272457431000
R,'s',1724622272463328000
R,'i',1724622272512937000
P,'g',1724622273087534000
R,'g',1724622273149857000
P,'n',1724622273184846000
P,'i',1724622273263247000
R,'n',1724622273272534000
R,'i',1724622273358348000
P,'f',1724622273722468000
R,'f',1724622273789952000
P,'i',1724622273809636000
R,'i',1724622273865066000
P,'c',1724622273926322000
P,'a',1724622273971901000
R,'c',1724622273999585000
R,'a',1724622274046986000
P,'t',1724622274170907000
P,'n',1724622274215989000
R,'t',1724622274232063000
R,'n',1724622274264232000
P,Key.space,1724622274391406000
R,Key.space,1724622274438383000
P,'p',1724622274599350000
R,'p',1724622274670748000
P,Key.backspace,1724622274904401000
R,Key.backspace,1724622274955844000
P,Key.backspace,1724622275030337000
R,Key.backspace,1724622275096980000
P,Key.backspace,1724622275173027000
R,Key.backspace,1724622275234460000
P,Key.backspace,1724622275307111000
R,Key.backspace,1724622275366657000
P,'n',1724622275525799000
R,'n',1724622275571586000
P,'t',1724622275600836000
R,'t',1724622275655862000
P,Key.space,1724622275687484000
R,Key.space,1724622275736114000
P,'c',1724622275815097000
P,'o',1724622275853373000
R,'c',1724622275876674000
R,'o',1724622275911913000
P,'n',1724622276003921000
R,'n',1724622276051093000
P,'t',1724622276084205000
R,'t',1724622276139953000
P,'r',1724622276252164000
R,'r',1724622276316307000
P,'i',1724622276397121000
R,'i',1724622276432444000
P,Key.backspace,1724622277049941000
R,Key.backspace,1724622277100937000
P,'o',1724622277253744000
R,'o',1724622277328632000
P,'v',1724622277389509000
R,'v',1724622277445438000
P,'e',1724622277541077000
R,'e',1724622277599250000
P,'r',1724622277689844000
R,'r',1724622277754709000
P,'s',1724622277880809000
R,'s',1724622277941284000
P,'y',1724622278113272000
R,'y',1724622278199283000
P,Key.space,1724622278286760000
R,Key.space,1724622278355205000
P,'i',1724622279620443000
R,'i',1724622279689343000
P,'n',1724622279746139000
R,'n',1724622279808029000
P,Key.space,1724622279888404000
R,Key.space,1724622279953537000
P,'t',1724622279960409000
R,'t',1724622280016714000
P,'h',1724622280061413000
R,'h',1724622280117921000
P,'e',1724622280121129000
R,'e',1724622280194464000
P,Key.space,1724622280210966000
R,Key.space,1724622280255480000
P,'m',1724622280386810000
P,'o',1724622280413913000
R,'m',1724622280469416000
P,'v',1724622280512581000
R,'o',1724622280525306000
P,'e',1724622280556677000
R,'v',1724622280577040000
R,'e',1724622280624661000
P,Key.backspace,1724622281128252000
R,Key.backspace,1724622281181438000
P,'i',1724622281674983000
R,'i',1724622281738401000
P,'e',1724622281868329000
R,'e',1724622281924357000
P,Key.space,1724622281930350000
R,Key.space,1724622281978220000
P,'w',1724622282286180000
R,'w',1724622282351304000
P,'o',1724622282385356000
R,'o',1724622282455101000
P,'r',1724622282472973000
R,'r',1724622282541541000
P,'l',1724622282574502000
R,'l',1724622282640716000
P,'d',1724622283033466000
R,'d',1724622283105559000
P,'.',1724622283153257000
R,'.',1724622283223319000
P,Key.space,1724622283264154000
R,Key.space,1724622283324542000
P,Key.down,1724622287849605000
R,Key.down,1724622287958668000
P,Key.right,1724622288067667000
R,Key.right,1724622288124884000
P,Key.right,1724622288214836000
R,Key.right,1724622288266688000
P,Key.right,1724622288357069000
R,Key.right,1724622288416523000
P,Key.right,1724622288505892000
R,Key.right,1724622288575184000
P,Key.right,1724622288673940000
R,Key.right,1724622288717308000
P,Key.right,1724622294824177000
R,Key.right,1724622294987841000
P,Key.right,1724622295226344000
R,Key.right,1724622295365401000
P,Key.backspace,1724622295527725000
R,Key.backspace,1724622295583875000
P,Key.backspace,1724622295651207000
R,Key.backspace,1724622295720548000
P,Key.backspace,1724622295801189000
R,Key.backspace,1724622295860704000
P,Key.backspace,1724622295933037000
R,Key.backspace,1724622296018541000
P,'e',1724622296550499000
R,'e',1724622296613703000
P,'p',1724622296662250000
R,'p',1724622296739063000
P,'i',1724622296841430000
R,'i',1724622296906452000
P,'o',1724622297044971000
R,'o',1724622297104922000
P,'s',1724622297433540000
R,'s',1724622297533885000
P,'d',1724622297540968000
P,'e',1724622297649802000
R,'d',1724622297660496000
R,'e',1724622297740999000
P,Key.down,1724622297945438000
R,Key.down,1724622298039124000
P,Key.right,1724622298404371000
R,Key.right,1724622298566251000
P,Key.up,1724622298727055000
R,Key.up,1724622298831823000
P,Key.left,1724622298934762000
R,Key.left,1724622299034985000
P,Key.left,1724622299109519000
R,Key.left,1724622299186404000
P,Key.left,1724622299267242000
R,Key.left,1724622299344370000
P,Key.left,1724622299433190000
R,Key.left,1724622299501090000
P,Key.shift_r,1724622299630319000
P,Key.left,1724622299738963000
R,Key.left,1724622299800689000
P,Key.left,1724622299898164000
R,Key.left,1724622299978828000
R,Key.shift_r,1724622300113695000
P,'s',1724622300475848000
R,'s',1724622300542691000
P,'o',1724622300565549000
R,'o',1724622300632153000
P,Key.down,1724622301257535000
R,Key.down,1724622301341390000
P,Key.right,1724622301473002000
R,Key.right,1724622301532804000
P,Key.right,1724622301618348000
R,Key.right,1724622301674753000
P,Key.right,1724622301758562000
R,Key.right,1724622301820773000
P,Key.right,1724622301902154000
R,Key.right,1724622301969924000
P,Key.right,1724622302045368000
R,Key.right,1724622302105648000
P,Key.right,1724622302171874000
R,Key.right,1724622302240993000
P,Key.right,1724622302325553000
R,Key.right,1724622302385311000
P,Key.right,1724622302469730000
R,Key.right,1724622302542231000
P,Key.right,1724622302586329000
R,Key.right,1724622302666772000
P,Key.right,1724622302751138000
R,Key.right,1724622302827647000
P,Key.right,1724622302916645000
R,Key.right,1724622303005676000
P,Key.space,1724622303295609000
R,Key.space,1724622303363438000
P,Key.shift,1724622305093702000
P,'T',1724622307173520000
R,'T',1724622307237848000
R,Key.shift,1724622307252987000
P,'h',1724622307322241000
P,'e',1724622307391406000
R,'h',1724622307401153000
R,'e',1724622307441584000
P,Key.space,1724622307507479000
R,Key.space,1724622307576359000
P,'a',1724622307600842000
P,'c',1724622307750465000
R,'a',1724622307772259000
R,'c',1724622307876579000
P,'t',1724622307986632000
R,'t',1724622308048441000
P,'i',1724622308057529000
R,'i',1724622308109735000
P,'o',1724622308194389000
R,'o',1724622308266598000
P,'n',1724622308333497000
R,'n',1724622308390210000
P,Key.space,1724622308488147000
R,Key.space,1724622308541139000
P,'t',1724622309462179000
R,'t',1724622309525984000
P,'a',1724622309662858000
R,'a',1724622309738672000
P,'k',1724622309757380000
R,'k',1724622309819192000
P,'e',1724622309869958000
R,'e',1724622309929214000
P,'n',1724622309960525000
R,'n',1724622310011482000
P,Key.space,1724622310111362000
R,Key.space,1724622310159818000
P,'s',1724622317244085000
R,'s',1724622317338004000
P,'h',1724622317363172000
R,'h',1724622317421048000
P,'o',1724622317553278000
R,'o',1724622317624756000
P,'w',1724622317685762000
R,'w',1724622317742338000
P,'c',1724622317869976000
P,'a',1724622317966461000
R,'c',1724622317976939000
P,'s',1724622318097243000
R,'a',1724622318124515000
R,'s',1724622318215775000
P,'e',1724622318313489000
R,'e',1724622318358995000
P,'d',1724622318443063000
R,'d',1724622318516053000
P,Key.space,1724622318531154000
R,Key.space,1724622318598384000
P,'h',1724622318739771000
R,'h',1724622318803950000
P,'u',1724622318893920000
R,'u',1724622318982720000
P,'a',1724622319181512000
R,'a',1724622319245111000
P,'m',1724622319251629000
R,'m',1724622319304166000
P,Key.space,1724622319402930000
R,Key.space,1724622319458005000
P,Key.backspace,1724622319815892000
R,Key.backspace,1724622319871773000
P,Key.backspace,1724622319952030000
R,Key.backspace,1724622320014270000
P,Key.backspace,1724622320089339000
R,Key.backspace,1724622320153990000
P,'m',1724622320323398000
R,'m',1724622320390845000
P,'a',1724622320466599000
P,'n',1724622320539309000
R,'a',1724622320544720000
R,'n',1724622320585733000
P,Key.space,1724622320675364000
R,Key.space,1724622320748628000
P,'e',1724622320940263000
R,'e',1724622321025116000
P,'m',1724622321182124000
P,'o',1724622321263447000
R,'m',1724622321297902000
R,'o',1724622321389648000
P,'t',1724622321588562000
R,'t',1724622321652570000
P,'i',1724622321678415000
R,'i',1724622321742410000
P,'o',1724622321833268000
R,'o',1724622321892654000
P,'n',1724622321975724000
R,'n',1724622322041160000
P,Key.space,1724622322147827000
R,Key.space,1724622322202735000
P,'i',1724622323050570000
R,'i',1724622323142566000
P,'n',1724622323210281000
R,'n',1724622323270900000
P,Key.space,1724622323373279000
R,Key.space,1724622323434546000
P,Key.backspace,1724622325072517000
R,Key.backspace,1724622325132230000
P,Key.backspace,1724622325348926000
R,Key.backspace,1724622325611361000
P,Key.backspace,1724622326667581000
R,Key.backspace,1724622326782106000
P,'a',1724622326967876000
P,'n',1724622327052528000
R,'a',1724622327058461000
R,'n',1724622327126814000
P,'d',1724622327142056000
R,'d',1724622327214013000
P,Key.space,1724622327241786000
R,Key.space,1724622327285076000
P,'c',1724622327699199000
R,'c',1724622327795951000
P,'o',1724622327797158000
R,'o',1724622327846523000
P,Key.backspace,1724622328207978000
R,Key.backspace,1724622328268195000
P,Key.backspace,1724622328355762000
R,Key.backspace,1724622328416331000
P,Key.backspace,1724622328506668000
R,Key.backspace,1724622328563399000
P,Key.backspace,1724622328652470000
R,Key.backspace,1724622328720397000
P,Key.backspace,1724622328799150000
R,Key.backspace,1724622328855787000
P,'n',1724622329506106000
R,'n',1724622329574369000
P,'d',1724622329634127000
R,'d',1724622329698775000
P,Key.space,1724622329738222000
R,Key.space,1724622329764946000
P,Key.backspace,1724622330443350000
R,Key.backspace,1724622330494983000
P,Key.backspace,1724622330564535000
R,Key.backspace,1724622330641086000
P,Key.backspace,1724622330730652000
R,Key.backspace,1724622330806668000
P,Key.backspace,1724622330876662000
R,Key.backspace,1724622330940167000
P,Key.backspace,1724622331024888000
R,Key.backspace,1724622331077277000
P,Key.space,1724622331460721000
R,Key.space,1724622331551954000
P,'a',1724622331745958000
R,'a',1724622331846024000
P,'n',1724622331863739000
R,'n',1724622331917655000
P,'d',1724622331927455000
R,'d',1724622332007222000
P,Key.space,1724622332009523000
R,Key.space,1724622332050961000
P,'c',1724622333393095000
R,'c',1724622333500460000
P,Key.backspace,1724622333778423000
R,Key.backspace,1724622333834357000
P,Key.backspace,1724622333926713000
R,Key.backspace,1724622333986313000
P,Key.backspace,1724622334073878000
R,Key.backspace,1724622334126248000
P,Key.backspace,1724622334209670000
R,Key.backspace,1724622334285575000
P,Key.backspace,1724622334337612000
R,Key.backspace,1724622334565977000
P,Key.backspace,1724622334890684000
R,Key.backspace,1724622334965863000
P,'.',1724622335222337000
R,'.',1724622335278782000
P,Key.space,1724622340084026000
R,Key.space,1724622340153167000
P,'x',1724622340643194000
R,'x',1724622340697428000
P,'x',1724622340810636000
R,'x',1724622340874763000
P,'x',1724622340989566000
R,'x',1724622341058273000
P,'x',1724622341207473000
R,'x',1724622341267566000
P,'x',1724622341653973000
R,'x',1724622341717058000
P,'y',1724622342293699000
R,'y',1724622342344526000
P,'y',1724622342460560000
R,'y',1724622342525151000
P,'y',1724622342631823000
R,'y',1724622342698942000
P,'y',1724622342813331000
R,'y',1724622342894283000
P,'y',1724622343067190000
R,'y',1724622343131765000
P,Key.shift,1724622359693989000
P,'T',1724622359913037000
R,'T',1724622359952102000
R,Key.shift,1724622359980389000
P,'h',1724622360088319000
R,'h',1724622360147935000
P,'e',1724622360165662000
R,'e',1724622360222625000
P,Key.space,1724622360257330000
R,Key.space,1724622360313326000
P,Key.shift,1724622363808262000
P,'B',1724622363930103000
R,'B',1724622363985195000
R,Key.shift,1724622363991136000
P,'i',1724622364098773000
R,'i',1724622364168071000
P,'e',1724622364228080000
R,'e',1724622364276376000
P,Key.backspace,1724622364522294000
P,'d',1724622364588450000
R,Key.backspace,1724622364592071000
P,'e',1724622364620291000
R,'d',1724622364641081000
R,'e',1724622364705629000
P,'n',1724622364732481000
R,'n',1724622364786850000
P,"""'""",1724622364978117000
R,"""'""",1724622365042622000
P,'s',1724622365070772000
R,'s',1724622365143280000
P,Key.space,1724622365189809000
R,Key.space,1724622365241693000
P,'r',1724622366832246000
R,'r',1724622366887705000
P,'e',1724622366983181000
R,'e',1724622367045833000
P,'m',1724622367100706000
R,'m',1724622367163933000
P,'a',1724622367272868000
R,'a',1724622367368955000
P,'r',1724622367463919000
R,'r',1724622367527987000
P,'k',1724622367559565000
R,'k',1724622367616522000
P,Key.space,1724622367717019000
R,Key.space,1724622367768567000
P,'h',1724622368770025000
R,'h',1724622368819829000
P,'i',1724622368928620000
R,'i',1724622368989507000
P,'g',1724622369029358000
R,'g',1724622369080307000
P,'h',1724622369097025000
R,'h',1724622369158200000
P,'l',1724622369321225000
R,'l',1724622369392184000
P,'i',1724622369525255000
R,'i',1724622369589735000
P,'g',1724622369637479000
R,'g',1724622369697371000
P,'h',1724622369727289000
R,'h',1724622369779925000
P,'t',1724622369818762000
R,'t',1724622369891681000
P,'e',1724622370146160000
R,'e',1724622370187837000
P,'d',1724622370337307000
R,'d',1724622370441241000
P,Key.space,1724622370452318000
R,Key.space,1724622370521853000
P,'s',1724622370609024000
R,'s',1724622370676572000
P,'c',1724622370778846000
R,'c',1724622370838922000
P,Key.backspace,1724622371314206000
R,Key.backspace,1724622371369848000
P,'t',1724622371461485000
R,'t',1724622371526076000
P,'r',1724622371660437000
R,'r',1724622371719821000
P,'o',1724622371983257000
R,'o',1724622372056881000
P,'n',1724622372145346000
R,'n',1724622372210701000
P,'g',1724622372245005000
R,'g',1724622372308367000
P,Key.space,1724622372326207000
R,Key.space,1724622372366648000
P,'s',1724622373007572000
R,'s',1724622373090375000
P,'u',1724622373116378000
R,'u',1724622373170778000
P,'p',1724622373306027000
R,'p',1724622373366300000
P,'p',1724622373446192000
R,'p',1724622373506125000
P,'o',1724622373596573000
R,'o',1724622373657368000
P,'r',1724622373672229000
R,'r',1724622373724430000
P,'t',1724622373783018000
R,'t',1724622373847890000
P,Key.space,1724622373878664000
R,Key.space,1724622373917274000
P,'t',1724622374263888000
R,'t',1724622374308008000
P,'o',1724622374372039000
R,'o',1724622374406867000
P,Key.backspace,1724622374608505000
R,Key.backspace,1724622374667997000
P,Key.backspace,1724622374753958000
R,Key.backspace,1724622374814739000
P,'o',1724622374955339000
R,'o',1724622375016568000
P,'f',1724622375043977000
R,'f',1724622375100328000
P,Key.space,1724622375102627000
R,Key.space,1724622375172355000
P,'t',1724622375227920000
R,'t',1724622375293778000
P,'h',1724622375300284000
R,'h',1724622375351796000
P,'e',1724622375392752000
P,Key.space,1724622375440723000
R,'e',1724622375468824000
R,Key.space,1724622375500298000
P,Key.shift,1724622375614754000
P,'U',1724622375677164000
R,Key.shift,1724622375740428000
R,'u',1724622375751990000
P,'n',1724622375780263000
P,'i',1724622375888461000
R,'n',1724622375918387000
R,'i',1724622376002085000
P,'t',1724622376009572000
R,'t',1724622376070625000
P,'e',1724622376178391000
R,'e',1724622376246789000
P,'d',1724622376332307000
R,'d',1724622376393903000
P,Key.space,1724622376404376000
R,Key.space,1724622376470169000
P,Key.shift,1724622376524338000
P,'S',1724622376657600000
P,'T',1724622376717947000
R,Key.shift,1724622376732034000
R,'s',1724622376762914000
R,'t',1724622376794511000
P,Key.backspace,1724622377240274000
R,Key.backspace,1724622377263098000
P,'t',1724622377488697000
R,'t',1724622377560741000
P,'a',1724622377584227000
R,'a',1724622377659067000
P,'t',1724622377665447000
R,'t',1724622377738275000
P,'e',1724622377770709000
R,'e',1724622377839955000
P,'s',1724622377952745000
R,'s',1724622378020815000
P,Key.space,1724622378026131000
R,Key.space,1724622378082724000
P,'t',1724622379548420000
P,'o',1724622379602470000
R,'t',1724622379607521000
R,'o',1724622379666679000
P,'w',1724622379757193000
R,'w',1724622379826714000
P,'a',1724622379942747000
P,'s',1724622379953115000
R,'s',1724622379986202000
R,'a',1724622379993075000
P,'r',1724622380199897000
R,'r',1724622380266844000
P,'d',1724622380370683000
R,'d',1724622380435671000
P,'s',1724622380546603000
R,'s',1724622380622467000
P,Key.backspace,1724622380835048000
R,Key.backspace,1724622380886284000
P,Key.backspace,1724622380962401000
R,Key.backspace,1724622381014985000
P,Key.backspace,1724622381097942000
R,Key.backspace,1724622381183975000
P,Key.backspace,1724622381273623000
R,Key.backspace,1724622381338406000
P,'r',1724622381936558000
R,'r',1724622382015933000
P,'d',1724622382125338000
R,'d',1724622382174222000
P,Key.space,1724622382349579000
R,Key.space,1724622382406953000
P,Key.backspace,1724622382714959000
R,Key.backspace,1724622382765997000
P,'s',1724622382800603000
R,'s',1724622382861004000
P,Key.space,1724622382933918000
R,Key.space,1724622383007372000
P,Key.shift,1724622383043722000
P,'N',1724622383147411000
R,Key.shift,1724622383210462000
R,'n',1724622383213613000
P,'a',1724622383525660000
R,'a',1724622383601177000
P,Key.backspace,1724622383894885000
P,Key.shift,1724622383938240000
R,Key.backspace,1724622383952480000
P,'A',1724622384054591000
R,'A',1724622384161372000
P,'T',1724622384629339000
R,'T',1724622384729238000
P,'O',1724622384767218000
R,Key.shift,1724622384818538000
R,'o',1724622384824654000
P,Key.space,1724622384942544000
R,Key.space,1724622385007034000
P,'c',1724622385018503000
R,'c',1724622385097880000
P,'o',1724622385137674000
R,'o',1724622385197814000
P,'u',1724622385303692000
P,'n',1724622385355423000
R,'u',1724622385402565000
R,'n',1724622385439178000
P,'t',1724622385504650000
R,'t',1724622385577615000
P,'i',1724622385695152000
R,'i',1724622385795885000
P,'e',1724622385920486000
P,'r',1724622385933862000
R,'r',1724622385956638000
R,'e',1724622385960182000
P,Key.backspace,1724622386384544000
R,Key.backspace,1724622386450451000
P,Key.backspace,1724622386548536000
R,Key.backspace,1724622386601136000
P,Key.backspace,1724622386690904000
R,Key.backspace,1724622386761757000
P,'t',1724622387020613000
R,'t',1724622387072498000
P,Key.backspace,1724622387561418000
R,Key.backspace,1724622387602617000
P,'r',1724622387827269000
R,'r',1724622387895263000
P,'i',1724622387944066000
R,'i',1724622388010942000
P,'e',1724622388068393000
R,'e',1724622388124376000
P,'s',1724622388214942000
R,'s',1724622388299677000
P,Key.space,1724622388326192000
R,Key.space,1724622388386597000
P,'a',1724622388407091000
R,'a',1724622388478702000
P,'n',1724622388481432000
R,'n',1724622388538440000
P,'d',1724622388545539000
R,'d',1724622388613482000
P,Key.space,1724622388642425000
R,Key.space,1724622388687479000
P,'i',1724622388789967000
R,'i',1724622388855009000
P,'t',1724622388882155000
R,'t',1724622388975417000
P,Key.space,1724622388984710000
R,Key.space,1724622389029787000
P,'h',1724622391220137000
R,'h',1724622391288590000
P,'a',1724622391314128000
R,'a',1724622391391904000
P,'p',1724622391842396000
R,'p',1724622391876783000
P,'p',1724622392008341000
R,'p',1724622392063261000
P,'e',1724622392993754000
R,'e',1724622393068984000
P,'n',1724622393089384000
R,'n',1724622393148535000
P,Key.space,1724622393255928000
R,Key.space,1724622393319238000
P,'d',1724622393423530000
R,'d',1724622393496948000
P,'u',1724622393506404000
R,'u',1724622393567394000
P,'r',1724622393640832000
P,'i',1724622393705080000
R,'r',1724622393716042000
P,'n',1724622393776149000
R,'i',1724622393800251000
R,'n',1724622393839379000
P,'g',1724622393891401000
R,'g',1724622393949952000
P,Key.space,1724622393955949000
R,Key.space,1724622393987826000
P,'h',1724622394093527000
R,'h',1724622394161522000
P,'i',1724622394168756000
R,'i',1724622394234151000
P,'s',1724622394260014000
R,'s',1724622394321002000
P,Key.space,1724622394338511000
R,Key.space,1724622394398212000
P,'v',1724622394483059000
R,'v',1724622394537631000
P,'i',1724622394723855000
R,'i',1724622394791286000
P,'t',1724622394853307000
R,'t',1724622394912707000
P,'i',1724622394919692000
R,'i',1724622394984814000
P,Key.backspace,1724622395557758000
R,Key.backspace,1724622395621466000
P,Key.backspace,1724622395806990000
R,Key.backspace,1724622395853099000
P,'s',1724622396046859000
R,'s',1724622396119767000
P,'i',1724622396168200000
R,'i',1724622396240568000
P,'t',1724622396335029000
R,'t',1724622396404410000
P,Key.space,1724622396414270000
R,Key.space,1724622396462435000
P,'t',1724622396527294000
P,'o',1724622396593413000
R,'t',1724622396595811000
R,'o',1724622396662475000
P,Key.space,1724622396751873000
R,Key.space,1724622396812302000
P,Key.shift,1724622396991940000
P,'P',1724622397165577000
R,'P',1724622397231829000
R,Key.shift,1724622397247346000
P,'o',1724622397344032000
R,'o',1724622397392147000
P,'l',1724622397496092000
P,'a',1724622397557005000
R,'l',1724622397561853000
R,'a',1724622397636539000
P,'n',1724622397665204000
R,'n',1724622397721397000
P,'d',1724622397742222000
R,'d',1724622397813330000
P,'.',1724622397909619000
R,'.',1724622397984715000
P,Key.space,1724622413781849000
R,Key.space,1724622413892803000
P,Key.backspace,1724622414823096000
R,Key.backspace,1724622414938820000
P,Key.down,1724622415389872000
R,Key.down,1724622415520306000
P,Key.space,1724622416008645000
R,Key.space,1724622416081122000
P,'x',1724622416714293000
R,'x',1724622416786449000
P,'x',1724622416904619000
R,'x',1724622416976415000
P,'x',1724622417126211000
R,'x',1724622417202337000
P,'x',1724622417360662000
R,'x',1724622417425461000
P,'x',1724622417526989000
R,'x',1724622417586515000
P,'y',1724622418093800000
R,'y',1724622418157675000
P,'y',1724622418257753000
R,'y',1724622418325271000
P,'y',1724622418410009000
R,'y',1724622418491668000
P,'y',1724622418565825000
R,'y',1724622418638712000
P,'y',1724622418709431000
R,'y',1724622418774797000
P,Key.shift,1724622436652577000
P,'I',1724622436821863000
R,Key.shift,1724622436881232000
R,'i',1724622436888260000
P,'t',1724622437007237000
R,'t',1724622437070879000
P,"""'""",1724622437106003000
R,"""'""",1724622437179179000
P,'s',1724622437305246000
P,Key.space,1724622437337152000
R,Key.space,1724622437357639000
R,'s',1724622437404523000
P,'a',1724622437930495000
R,'a',1724622438033267000
P,Key.space,1724622438059974000
R,Key.space,1724622438120313000
P,'c',1724622438145738000
R,'c',1724622438218809000
P,'o',1724622438571322000
R,'o',1724622438641029000
P,'n',1724622438764393000
R,'n',1724622438822304000
P,'v',1724622438851807000
P,'e',1724622438935568000
R,'v',1724622438940168000
R,'e',1724622439035716000
P,'r',1724622439110119000
R,'r',1724622439197937000
P,'s',1724622439319777000
P,'a',1724622439380066000
R,'s',1724622439411053000
R,'a',1724622439462618000
P,'t',1724622439548616000
P,'i',1724622439609497000
R,'t',1724622439625969000
R,'i',1724622439671104000
P,'o',1724622439745990000
R,'o',1724622439810480000
P,'n',1724622439894242000
R,'n',1724622440011379000
P,'n',1724622440115857000
R,'n',1724622440151775000
P,Key.space,1724622440302356000
R,Key.space,1724622440363091000
P,Key.backspace,1724622440718425000
R,Key.backspace,1724622440774329000
P,Key.backspace,1724622440840398000
R,Key.backspace,1724622440900996000
P,Key.space,1724622441020853000
R,Key.space,1724622441077368000
P,'b',1724622441164878000
R,'b',1724622441229888000
P,'e',1724622441283838000
R,'e',1724622441336942000
P,'t',1724622441388737000
R,'t',1724622441472334000
P,'w',1724622441561593000
R,'w',1724622441639913000
P,'e',1724622441764837000
R,'e',1724622441821821000
P,'e',1724622441932453000
R,'e',1724622441991339000
P,'n',1724622442004030000
R,'n',1724622442065399000
P,Key.space,1724622442153046000
P,'t',1724622442201218000
R,Key.space,1724622442217197000
R,'t',1724622442257120000
P,'h',1724622442332503000
P,'e',1724622442369105000
R,'h',1724622442389305000
R,'e',1724622442436359000
P,Key.space,1724622442484404000
R,Key.space,1724622442534322000
P,'c',1724622442570017000
R,'c',1724622442628533000
P,'o',1724622442666763000
P,'a',1724622442735378000
R,'o',1724622442739381000
R,'a',1724622442835767000
P,'c',1724622442843973000
R,'c',1724622442943812000
P,'h',1724622442962471000
R,'h',1724622443027888000
P,Key.space,1724622443131008000
R,Key.space,1724622443187482000
P,'a',1724622443193450000
R,'a',1724622443262833000
P,'n',1724622443279991000
P,'d',1724622443318281000
R,'n',1724622443340448000
R,'d',1724622443386989000
P,Key.space,1724622443417853000
R,Key.space,1724622443462358000
P,'i',1724622444565723000
R,'i',1724622444637136000
P,'t',1724622444659293000
R,'t',1724622444718983000
P,"""'""",1724622444868117000
R,"""'""",1724622444932629000
P,'s',1724622444977329000
R,'s',1724622445034222000
P,Key.space,1724622445051684000
R,Key.space,1724622445111358000
P,Key.backspace,1724622445490602000
R,Key.backspace,1724622445541978000
P,Key.backspace,1724622445616484000
R,Key.backspace,1724622445669138000
P,Key.backspace,1724622445744804000
R,Key.backspace,1724622445809076000
P,Key.backspace,1724622445876726000
R,Key.backspace,1724622445942498000
P,Key.backspace,1724622446018487000
R,Key.backspace,1724622446086690000
P,'t',1724622446177950000
R,'t',1724622446239955000
P,'h',1724622446267240000
R,'h',1724622446327735000
P,'e',1724622446362042000
R,'e',1724622446426706000
P,Key.space,1724622446442798000
R,Key.space,1724622446487818000
P,'p',1724622446788377000
R,'p',1724622446842979000
P,'l',1724622446924677000
R,'l',1724622446993311000
P,'a',1724622447010260000
R,'a',1724622447098635000
P,'y',1724622447119860000
R,'y',1724622447189186000
P,'e',1724622447230286000
R,'e',1724622447292469000
P,'r',1724622447382685000
R,'r',1724622447453354000
P,'s',1724622447604520000
R,'s',1724622447652938000
P,Key.space,1724622448073373000
R,Key.space,1724622448142269000
P,'o',1724622448300350000
R,'o',1724622448354182000
P,'f',1724622448409150000
R,'f',1724622448476354000
P,Key.space,1724622448492619000
R,Key.space,1724622448550383000
P,'a',1724622448833892000
R,'a',1724622448904963000
P,Key.space,1724622449185637000
R,Key.space,1724622449252623000
P,'t',1724622449414230000
P,'y',1724622449415322000
R,'y',1724622449443135000
R,'t',1724622449470551000
P,'e',1724622449482453000
P,'a',1724622449546419000
R,'e',1724622449597959000
P,'m',1724622449616851000
R,'a',1724622449645787000
R,'m',1724622449688932000
P,Key.space,1724622449778050000
R,Key.space,1724622449834892000
P,Key.backspace,1724622450731272000
R,Key.backspace,1724622450794813000
P,Key.backspace,1724622450875087000
R,Key.backspace,1724622450946888000
P,Key.backspace,1724622451021619000
R,Key.backspace,1724622451082288000
P,Key.backspace,1724622451158520000
R,Key.backspace,1724622451222590000
P,Key.backspace,1724622451306174000
R,Key.backspace,1724622451359078000
P,Key.backspace,1724622451439926000
R,Key.backspace,1724622451532987000
P,Key.backspace,1724622451744204000
R,Key.backspace,1724622451796455000
P,'t',1724622451853606000
R,'t',1724622451913087000
P,'h',1724622451934908000
R,'h',1724622451994806000
P,'e',1724622452043516000
R,'e',1724622452099493000
P,Key.space,1724622452102013000
R,Key.space,1724622452163561000
P,'t',1724622452310040000
P,'e',1724622452370307000
R,'t',1724622452375815000
P,'a',1724622452420302000
R,'e',1724622452463851000
P,'m',1724622452507442000
R,'a',1724622452519261000
R,'m',1724622452571438000
P,Key.space,1724622452652823000
R,Key.space,1724622452725533000
P,'t',1724622452986508000
R,'t',1724622453053249000
P,'h',1724622453075259000
R,'h',1724622453132820000
P,'e',1724622453178271000
P,Key.space,1724622453225572000
R,'e',1724622453232807000
R,Key.space,1724622453289438000
P,'c',1724622453336239000
R,'c',1724622453406458000
P,'o',1724622453421765000
R,'o',1724622453500507000
P,'a',1724622453513626000
P,'c',1724622453579100000
R,'a',1724622453606474000
P,'h',1724622453674184000
R,'c',1724622453694639000
R,'h',1724622453726242000
P,Key.space,1724622453822922000
R,Key.space,1724622453891979000
P,'w',1724622453931599000
R,'w',1724622453996874000
P,'i',1724622454008026000
R,'i',1724622454064343000
P,'l',1724622454162267000
R,'l',1724622454218864000
P,'l',1724622454280953000
R,'l',1724622454349354000
P,Key.space,1724622454440763000
R,Key.space,1724622454497561000
P,'b',1724622454594692000
R,'b',1724622454649152000
P,'e',1724622454694601000
R,'e',1724622454750217000
P,Key.space,1724622454753239000
R,Key.space,1724622454803446000
P,'t',1724622456425619000
R,'t',1724622456491380000
P,'e',1724622456515049000
P,'a',1724622456558348000
R,'e',1724622456651198000
P,'c',1724622456692953000
R,'a',1724622456707802000
P,'h',1724622456756699000
R,'c',1724622456787208000
R,'h',1724622456834598000
P,'i',1724622456889147000
P,'n',1724622456970299000
R,'i',1724622456988816000
R,'n',1724622457037374000
P,'g',1724622457084228000
R,'g',1724622457148530000
P,Key.space,1724622457150018000
R,Key.space,1724622457193350000
P,'b',1724622458701343000
R,'b',1724622458771020000
P,'a',1724622458778126000
P,'s',1724622458863164000
R,'a',1724622458899642000
R,'s',1724622458966457000
P,'k',1724622458997539000
R,'k',1724622459079110000
P,'e',1724622459437853000
R,'e',1724622459517361000
P,'t',1724622459620204000
R,'t',1724622459688636000
P,'b',1724622459708375000
R,'b',1724622459767920000
P,'a',1724622459918335000
R,'a',1724622459997812000
P,'l',1724622460006238000
R,'l',1724622460057880000
P,'l',1724622460125445000
P,Key.space,1724622460195386000
R,'l',1724622460202961000
R,Key.space,1724622460254654000
P,Key.backspace,1724622464098780000
R,Key.backspace,1724622464180905000
P,'.',1724622464722731000
R,'.',1724622464777864000
P,Key.space,1724622464820297000
R,Key.space,1724622464896315000
P,'x',1724622470924235000
R,'x',1724622470994922000
P,'x',1724622471097251000
R,'x',1724622471169327000
P,'x',1724622471279451000
R,'x',1724622471336385000
P,'x',1724622471454385000
R,'x',1724622471507764000
P,'x',1724622471600406000
R,'x',1724622471664817000
P,'y',1724622472284264000
R,'y',1724622472336094000
P,'y',1724622472439114000
R,'y',1724622472489063000
P,'y',1724622472580148000
R,'y',1724622472636453000
P,'y',1724622472739279000
R,'y',1724622472785238000
P,'y',1724622473486040000
R,'y',1724622473550270000
P,Key.shift,1724622487748255000
P,'W',1724622487919988000
R,Key.shift,1724622488045261000
R,'w',1724622488051898000
P,'i',1724622488075997000
R,'i',1724622488119611000
P,'l',1724622488249344000
R,'l',1724622488292759000
P,'l',1724622488371622000
R,'l',1724622488419367000
P,Key.space,1724622488536968000
P,Key.shift,1724622488580010000
R,Key.space,1724622488582867000
P,'M',1724622488768954000
R,Key.shift,1724622488845406000
R,'m',1724622488872323000
P,Key.backspace,1724622489274597000
R,Key.backspace,1724622489336187000
P,Key.shift,1724622489343655000
P,'S',1724622489433547000
R,Key.shift,1724622489477460000
P,'m',1724622489505281000
R,'s',1724622489528658000
P,'i',1724622489587029000
R,'m',1724622489604028000
R,'i',1724622489671856000
P,'t',1724622489738769000
R,'t',1724622489803544000
P,'h',1724622489824108000
R,'h',1724622489880311000
P,Key.space,1724622489992839000
R,Key.space,1724622490047998000
P,'e',1724622490784231000
R,'e',1724622490839338000
P,'p',1724622490995857000
R,'p',1724622491056821000
P,'i',1724622491172621000
R,'i',1724622491225545000
P,'s',1724622491332673000
R,'s',1724622491425332000
P,'o',1724622491555861000
R,'o',1724622491628510000
P,'d',1724622491676016000
P,'e',1724622491738304000
R,'d',1724622491744372000
R,'e',1724622491816367000
P,Key.space,1724622491827601000
R,Key.space,1724622491884385000
P,'d',1724622492070282000
R,'d',1724622492161033000
P,'u',1724622492163546000
R,'u',1724622492232692000
P,'r',1724622492327674000
P,'t',1724622492333300000
R,'r',1724622492363799000
R,'t',1724622492391573000
P,'i',1724622492417774000
P,'n',1724622492473932000
R,'i',1724622492501841000
R,'n',1724622492545141000
P,'g',1724622492569863000
R,'g',1724622492630745000
P,Key.space,1724622492671513000
R,Key.space,1724622492704800000
P,Key.backspace,1724622492917907000
R,Key.backspace,1724622492972977000
P,Key.backspace,1724622493033693000
R,Key.backspace,1724622493106162000
P,Key.backspace,1724622493166226000
R,Key.backspace,1724622493216805000
P,Key.backspace,1724622493289097000
R,Key.backspace,1724622493352865000
P,Key.backspace,1724622493429243000
R,Key.backspace,1724622493493184000
P,'i',1724622493646324000
P,'n',1724622493707118000
R,'i',1724622493749454000
R,'n',1724622493801041000
P,'g',1724622493836188000
R,'g',1724622493902590000
P,Key.space,1724622493909854000
R,Key.space,1724622493949308000
P,'s',1724622494936004000
R,'s',1724622495002005000
P,'o',1724622495021852000
R,'o',1724622495083275000
P,'c',1724622495098848000
R,'c',1724622495164195000
P,'a',1724622495519996000
R,'a',1724622495586991000
P,'i',1724622495889056000
R,'i',1724622495944619000
P,'l',1724622496063871000
R,'l',1724622496126918000
P,Key.backspace,1724622496334537000
R,Key.backspace,1724622496384883000
P,Key.backspace,1724622496485138000
R,Key.backspace,1724622496522669000
P,Key.backspace,1724622496596520000
R,Key.backspace,1724622496657747000
P,'i',1724622496805635000
R,'i',1724622496859332000
P,'a',1724622497244407000
P,'l',1724622497308787000
R,'a',1724622497326387000
R,'l',1724622497362448000
P,Key.space,1724622497468113000
R,Key.space,1724622497524380000
P,'n',1724622497639939000
R,'n',1724622497694974000
P,'e',1724622497724906000
R,'e',1724622497795068000
P,'t',1724622497906151000
R,'t',1724622497966864000
P,Key.backspace,1724622498384893000
R,Key.backspace,1724622498432019000
P,Key.backspace,1724622498554794000
R,Key.backspace,1724622498590573000
P,Key.backspace,1724622498701152000
R,Key.backspace,1724622498755002000
P,Key.backspace,1724622498848929000
R,Key.backspace,1724622498908613000
P,Key.backspace,1724622498988942000
R,Key.backspace,1724622499050820000
P,Key.backspace,1724622499128245000
R,Key.backspace,1724622499177340000
P,Key.backspace,1724622499252891000
R,Key.backspace,1724622499321011000
P,Key.backspace,1724622499391277000
R,Key.backspace,1724622499463384000
P,Key.backspace,1724622499536106000
R,Key.backspace,1724622499609153000
P,Key.backspace,1724622499693753000
R,Key.backspace,1724622499765171000
P,'a',1724622500290543000
R,'a',1724622500418355000
P,'w',1724622500441700000
R,'w',1724622500541328000
P,'a',1724622500569957000
R,'a',1724622500645319000
P,'r',1724622500697082000
R,'r',1724622500800960000
P,'d',1724622500907104000
R,'d',1724622500975971000
P,Key.space,1724622501078406000
R,Key.space,1724622501145259000
P,'s',1724622501179583000
R,'s',1724622501251977000
P,'e',1724622501378965000
R,'e',1724622501401845000
P,Key.backspace,1724622501585627000
R,Key.backspace,1724622501640385000
P,Key.backspace,1724622501729095000
R,Key.backspace,1724622501793075000
P,'c',1724622501810041000
P,'e',1724622501877275000
R,'c',1724622501892172000
R,'e',1724622501952330000
P,'r',1724622505491657000
R,'r',1724622505536786000
P,'e',1724622505651638000
R,'e',1724622505717657000
P,'m',1724622505793019000
P,'o',1724622505891637000
R,'m',1724622505929154000
R,'o',1724622506002121000
P,'n',1724622506527103000
R,'n',1724622506598983000
P,'y',1724622506712581000
R,'y',1724622506778236000
P,Key.space,1724622506909064000
R,Key.space,1724622506961354000
P,'b',1724622507074716000
R,'b',1724622507129059000
P,'r',1724622507134986000
R,'r',1724622507195295000
P,'i',1724622507268400000
P,'o',1724622507284019000
R,'o',1724622507315851000
R,'i',1724622507327355000
P,Key.backspace,1724622507844479000
R,Key.backspace,1724622507896488000
P,Key.backspace,1724622507970251000
R,Key.backspace,1724622508029453000
P,'o',1724622508183017000
R,'o',1724622508243787000
P,'u',1724622508751454000
R,'u',1724622508822962000
P,'g',1724622508839519000
R,'g',1724622508888545000
P,'h',1724622508919288000
R,'h',1724622508976833000
P,Key.space,1724622509088438000
R,Key.space,1724622509132765000
P,Key.backspace,1724622509459698000
R,Key.backspace,1724622509516044000
P,'t',1724622509549347000
R,'t',1724622509605169000
P,Key.space,1724622509678594000
R,Key.space,1724622509727188000
P,'l',1724622509858055000
R,'l',1724622509917852000
P,'o',1724622510025966000
R,'o',1724622510085877000
P,'t',1724622510097117000
R,'t',1724622510150451000
P,'s',1724622510292584000
R,'s',1724622510352869000
P,Key.space,1724622510387917000
R,Key.space,1724622510408366000
P,'o',1724622510562904000
R,'o',1724622510631049000
P,'f',1724622510646193000
R,'f',1724622510690123000
P,Key.space,1724622510735783000
R,Key.space,1724622510788206000
P,'l',1724622511110023000
R,'l',1724622511196407000
P,'i',1724622511314576000
P,'m',1724622511385452000
R,'i',1724622511396633000
R,'m',1724622511505453000
P,'t',1724622511588282000
R,'t',1724622511657949000
P,Key.backspace,1724622512042496000
R,Key.backspace,1724622512090567000
P,'e',1724622512241524000
R,'e',1724622512295243000
P,'l',1724622512494032000
R,'l',1724622512554892000
P,'i',1724622512679581000
R,'i',1724622512735945000
P,'g',1724622512766433000
R,'g',1724622512821382000
P,'h',1724622512832572000
R,'h',1724622512890346000
P,'t',1724622512920938000
R,'t',1724622512986064000
P,Key.space,1724622513010985000
R,Key.space,1724622513063729000
P,'a',1724622514694116000
R,'a',1724622514739802000
P,'n',1724622514764541000
R,'n',1724622514816908000
P,'d',1724622514864454000
R,'d',1724622514931963000
P,Key.space,1724622514937399000
R,Key.space,1724622514988450000
P,'i',1724622515697893000
R,'i',1724622515757725000
P,'t',1724622515775271000
R,'t',1724622515835679000
P,Key.space,1724622515861088000
R,Key.space,1724622515926618000
P,'d',1724622516275318000
P,'e',1724622516339485000
R,'d',1724622516375112000
R,'e',1724622516441967000
P,'p',1724622516485336000
R,'p',1724622516564820000
P,'i',1724622517402377000
R,'i',1724622517465465000
P,'c',1724622517786875000
R,'c',1724622517882250000
P,'t',1724622518023492000
R,'t',1724622518090902000
P,'e',1724622518223122000
R,'e',1724622518267737000
P,Key.backspace,1724622518553446000
R,Key.backspace,1724622518608737000
P,Key.backspace,1724622518690438000
R,Key.backspace,1724622518755530000
P,Key.backspace,1724622518825423000
R,Key.backspace,1724622518887220000
P,Key.backspace,1724622518952484000
R,Key.backspace,1724622519010581000
P,Key.backspace,1724622519073171000
R,Key.backspace,1724622519153100000
P,Key.backspace,1724622519216246000
R,Key.backspace,1724622519280217000
P,Key.backspace,1724622519351999000
R,Key.backspace,1724622519411875000
P,Key.backspace,1724622519489911000
R,Key.backspace,1724622519549677000
P,Key.backspace,1724622519620418000
R,Key.backspace,1724622519684427000
P,Key.backspace,1724622519749418000
R,Key.backspace,1724622519826419000
P,Key.backspace,1724622519881088000
R,Key.backspace,1724622519941510000
P,Key.backspace,1724622520019376000
R,Key.backspace,1724622520082341000
P,Key.backspace,1724622520157905000
R,Key.backspace,1724622520215197000
P,Key.backspace,1724622520295934000
R,Key.backspace,1724622520360194000
P,Key.backspace,1724622520429252000
R,Key.backspace,1724622520497938000
P,'.',1724622522842618000
R,'.',1724622522895264000
P,Key.space,1724622522946430000
R,Key.space,1724622523013028000
P,'x',1724622524017743000
R,'x',1724622524079734000
P,'x',1724622524198791000
R,'x',1724622524248007000
P,'x',1724622524378455000
R,'x',1724622524436709000
P,'x',1724622524562498000
R,'x',1724622524609632000
P,'x',1724622525170033000
R,'x',1724622525246015000
P,'u',1724622525757647000
R,'u',1724622525810976000
P,Key.backspace,1724622526098623000
R,Key.backspace,1724622526170751000
P,'y',1724622526381595000
R,'y',1724622526444127000
P,'y',1724622526534061000
R,'y',1724622526592216000
P,'y',1724622526667794000
R,'y',1724622526727474000
P,'y',1724622526810445000
R,'y',1724622526867485000
P,'y',1724622526937280000
R,'y',1724622526983828000
P,Key.shift,1724622538075771000
P,'B',1724622538166599000
R,'B',1724622538237925000
R,Key.shift,1724622538296376000
P,'i',1724622538356275000
R,'i',1724622538415592000
P,'d',1724622538750608000
P,'e',1724622538805193000
R,'d',1724622538832318000
R,'e',1724622538886965000
P,'n',1724622538916687000
R,'n',1724622538975265000
P,Key.space,1724622539707887000
R,Key.space,1724622539767504000
P,'d',1724622539915629000
P,'u',1724622539976282000
R,'d',1724622539986413000
R,'u',1724622540046190000
P,'r',1724622540065546000
R,'r',1724622540142252000
P,'i',1724622540145926000
P,'n',1724622540230253000
R,'i',1724622540245802000
P,'g',1724622540286063000
R,'n',1724622540322559000
R,'g',1724622540350401000
P,Key.space,1724622540426721000
R,Key.space,1724622540469109000
P,'i',1724622540557514000
R,'i',1724622540617751000
P,Key.backspace,1724622540849960000
R,Key.backspace,1724622540912440000
P,'h',1724622541051508000
R,'h',1724622541126043000
P,'i',1724622541152484000
R,'i',1724622541227670000
P,'s',1724622541302933000
R,'s',1724622541371670000
P,Key.space,1724622541398348000
R,Key.space,1724622541449847000
P,'v',1724622542042528000
R,'v',1724622542118796000
P,'i',1724622542157425000
R,'i',1724622542230569000
P,'s',1724622542771544000
R,'s',1724622542843245000
P,'i',1724622542870421000
R,'i',1724622542933648000
P,'t',1724622542949615000
R,'t',1724622543010106000
P,Key.space,1724622543156700000
R,Key.space,1724622543188408000
P,'t',1724622543500334000
P,'o',1724622543547861000
R,'t',1724622543554386000
R,'o',1724622543618776000
P,Key.space,1724622543717598000
R,Key.space,1724622543761537000
P,Key.shift,1724622543800510000
P,'P',1724622543877111000
R,Key.shift,1724622543932526000
R,'p',1724622543948258000
P,'a',1724622544050559000
R,'a',1724622544119558000
P,'n',1724622544179078000
R,'n',1724622544271796000
P,Key.backspace,1724622544695888000
R,Key.backspace,1724622544751843000
P,Key.backspace,1724622545002688000
R,Key.backspace,1724622545053178000
P,'o',1724622545203308000
R,'o',1724622545262787000
P,'l',1724622545370565000
R,'l',1724622545427315000
P,'a',1724622545705727000
R,'a',1724622545789747000
P,'n',1724622545804554000
R,'n',1724622545852700000
P,'d',1724622545888703000
R,'d',1724622545950956000
P,Key.space,1724622545974119000
R,Key.space,1724622546023569000
P,'h',1724622546363209000
R,'h',1724622546410330000
P,'i',1724622546500418000
R,'i',1724622546568300000
P,'g',1724622546640433000
R,'g',1724622546690549000
P,'h',1724622546708306000
R,'h',1724622546760388000
P,'l',1724622546901721000
R,'l',1724622546969783000
P,'i',1724622547082376000
R,'i',1724622547146716000
P,'g',1724622547223596000
R,'g',1724622547289963000
P,'h',1724622547345819000
R,'h',1724622547397118000
P,'t',1724622547469386000
R,'t',1724622547530349000
P,'e',1724622547905131000
R,'e',1724622547958318000
P,'d',1724622548068338000
R,'d',1724622548123341000
P,Key.space,1724622548154863000
R,Key.space,1724622548211734000
P,'t',1724622548258475000
R,'t',1724622548323551000
P,'h',1724622548341186000
R,'h',1724622548401568000
P,'e',1724622548448453000
R,'e',1724622548501679000
P,Key.space,1724622548524778000
R,Key.space,1724622548572838000
P,'t',1724622548655761000
R,'t',1724622548734033000
P,'h',1724622548813658000
R,'h',1724622548874781000
P,'e',1724622548962699000
R,'e',1724622549042483000
P,Key.space,1724622549087752000
R,Key.space,1724622549138609000
P,Key.shift,1724622549252242000
R,Key.shift,1724622549451907000
P,Key.backspace,1724622549564436000
R,Key.backspace,1724622549612792000
P,Key.backspace,1724622549682631000
R,Key.backspace,1724622549746871000
P,Key.backspace,1724622549817815000
R,Key.backspace,1724622549866688000
P,Key.backspace,1724622549943943000
R,Key.backspace,1724622550006208000
P,Key.shift,1724622550049948000
P,'U',1724622550167915000
R,'U',1724622550223269000
R,Key.shift,1724622550224873000
P,'n',1724622550318383000
R,'n',1724622550396458000
P,'i',1724622550522033000
R,'i',1724622550590908000
P,'t',1724622550635112000
R,'t',1724622550696024000
P,'e',1724622550805167000
R,'e',1724622550863055000
P,'d',1724622550969437000
R,'d',1724622551014393000
P,Key.space,1724622551033491000
R,Key.space,1724622551094023000
P,Key.shift,1724622551161461000
P,'S',1724622551291487000
R,Key.shift,1724622551372069000
R,'s',1724622551389357000
P,'t',1724622551402368000
R,'t',1724622551467555000
P,'a',1724622551501486000
P,'t',1724622551559583000
R,'a',1724622551575430000
R,'t',1724622551607322000
P,'e',1724622551682680000
R,'e',1724622551751099000
P,'d',1724622552034867000
R,'d',1724622552078325000
P,Key.backspace,1724622552349182000
R,Key.backspace,1724622552395444000
P,'s',1724622552428395000
R,'s',1724622552491772000
P,Key.space,1724622552551992000
R,Key.space,1724622552613670000
P,'w',1724622552638705000
R,'w',1724622552698204000
P,'i',1724622552727558000
R,'i',1724622552784348000
P,'l',1724622552886109000
R,'l',1724622552950928000
P,'l',1724622553032151000
R,'l',1724622553091205000
P,Key.space,1724622553196317000
R,Key.space,1724622553260507000
P,'b',1724622553351405000
R,'b',1724622553417084000
P,'e',1724622553436202000
R,'e',1724622553495497000
P,Key.space,1724622553506985000
R,Key.space,1724622553567544000
P,'s',1724622553752139000
P,'u',1724622553809044000
R,'s',1724622553823718000
R,'u',1724622553871945000
P,'p',1724622554000021000
R,'p',1724622554048732000
P,'p',1724622554130730000
R,'p',1724622554188841000
P,'o',1724622554287365000
R,'o',1724622554344007000
P,'r',1724622554424704000
R,'r',1724622554484080000
P,'t',1724622554600487000
R,'t',1724622554660887000
P,'i',1724622554663063000
P,'n',1724622554719957000
R,'i',1724622554742702000
R,'n',1724622554770623000
P,'g',1724622554830378000
P,Key.space,1724622554867499000
R,'g',1724622554872390000
R,Key.space,1724622554913084000
P,Key.shift,1724622556995062000
R,Key.shift,1724622557383863000
P,'t',1724622558623480000
R,'t',1724622558688173000
P,'h',1724622558691722000
R,'h',1724622558751681000
P,'e',1724622558798540000
P,Key.space,1724622558848859000
R,'e',1724622558854842000
R,Key.space,1724622558919548000
P,Key.shift,1724622558990759000
P,'N',1724622559042822000
R,'N',1724622559107930000
P,'A',1724622559155359000
P,'T',1724622559245943000
R,'A',1724622559278161000
R,'T',1724622559300533000
P,'O',1724622559434553000
R,'O',1724622559519305000
R,Key.shift,1724622559519917000
P,Key.space,1724622559611598000
R,Key.space,1724622559670587000
P,'c',1724622559705521000
R,'c',1724622559769823000
P,'o',1724622559789278000
R,'o',1724622559851675000
P,'u',1724622559960539000
P,'n',1724622560000933000
R,'u',1724622560031375000
R,'n',1724622560113195000
P,'t',1724622560154818000
R,'t',1724622560231654000
P,'r',1724622560704488000
R,'r',1724622560769564000
P,'i',1724622560792821000
R,'i',1724622560866887000
P,'e',1724622560890850000
R,'e',1724622560951887000
P,'s',1724622561054501000
R,'s',1724622561122101000
P,'.',1724622561445835000
R,'.',1724622561501884000
P,Key.space,1724622562186592000
R,Key.space,1724622562265290000
P,'x',1724622562638902000
R,'x',1724622562702831000
P,'x',1724622562801332000
R,'x',1724622562865498000
P,'x',1724622562955309000
R,'x',1724622563035683000
P,'x',1724622563105327000
R,'x',1724622563185440000
P,'y',1724622563990592000
R,'y',1724622564054809000
P,'y',1724622564166920000
R,'y',1724622564210812000
P,'y',1724622564318878000
R,'y',1724622564380353000
P,'y',1724622564481731000
R,'y',1724622564547174000
P,'y',1724622564713435000
R,'y',1724622564781777000
P,Key.left,1724622566039979000
R,Key.left,1724622566139851000
P,Key.left,1724622566240176000
R,Key.left,1724622566287468000
P,Key.left,1724622566374040000
R,Key.left,1724622566442415000
P,Key.left,1724622566530242000
R,Key.left,1724622566605709000
P,Key.left,1724622566707192000
R,Key.left,1724622566775704000
P,Key.ctrl,1724622577394017000
P,'c',1724622577952803000
