R,Key.enter,1724622590557809000
P,Key.shift,1724622703557572000
R,Key.shift,1724622704990672000
P,Key.shift,1724622705347917000
P,'T',1724622706020998000
R,'T',1724622706070512000
R,Key.shift,1724622706087685000
P,'h',1724622706190779000
R,'h',1724622706241900000
P,'e',1724622706282001000
R,'e',1724622706356421000
P,Key.space,1724622706358264000
R,Key.space,1724622706424262000
P,'c',1724622708554094000
P,'l',1724622708628065000
R,'c',1724622708629279000
R,'l',1724622708687746000
P,'i',1724622708814632000
R,'i',1724622708875496000
P,'p',1724622709127313000
R,'p',1724622709188229000
P,Key.space,1724622709312578000
R,Key.space,1724622709368128000
P,'s',1724622709436958000
R,'s',1724622709513955000
P,'p',1724622710200147000
R,'p',1724622710268073000
P,'o',1724622710374143000
R,'o',1724622710432625000
P,'k',1724622710548981000
R,'k',1724622710600889000
P,'e',1724622710622758000
R,'e',1724622710683247000
P,Key.space,1724622711564079000
R,Key.space,1724622711609764000
P,'a',1724622711709774000
R,'a',1724622711788718000
P,'b',1724622711828249000
R,'b',1724622711889028000
P,'o',1724622712043236000
R,'o',1724622712099840000
P,'u',1724622712223424000
R,'u',1724622712270478000
P,'t',1724622712359973000
R,'t',1724622712414577000
P,Key.space,1724622712441750000
R,Key.space,1724622712496639000
P,'h',1724622717053966000
R,'h',1724622717111828000
P,'o',1724622717214764000
R,'o',1724622717274932000
P,'w',1724622717308779000
R,'w',1724622717366627000
P,Key.space,1724622717377009000
R,Key.space,1724622717421828000
P,'c',1724622717992031000
P,'o',1724622718031778000
R,'c',1724622718054475000
R,'o',1724622718109749000
P,'a',1724622718169326000
P,'c',1724622718240560000
R,'a',1724622718284451000
P,'h',1724622718315001000
R,'c',1724622718339561000
R,'h',1724622718379025000
P,Key.space,1724622718484101000
R,Key.space,1724622718545429000
P,'t',1724622718694787000
P,'o',1724622718755962000
R,'t',1724622718758600000
R,'o',1724622718823056000
P,Key.backspace,1724622719300065000
R,Key.backspace,1724622719350487000
P,'a',1724622719426539000
P,'u',1724622719497826000
R,'a',1724622719506799000
R,'u',1724622719571648000
P,'g',1724622719710413000
R,'g',1724622719774944000
P,'h',1724622719795063000
R,'h',1724622719866171000
P,Key.space,1724622719955864000
R,Key.space,1724622720008502000
P,'a',1724622720056477000
R,'a',1724622720120710000
P,Key.space,1724622720140533000
R,Key.space,1724622720177647000
P,Key.backspace,1724622720987264000
R,Key.backspace,1724622721047345000
P,Key.backspace,1724622721136422000
R,Key.backspace,1724622721192619000
P,Key.backspace,1724622721262755000
R,Key.backspace,1724622721326123000
P,'t',1724622721650295000
R,'t',1724622721720029000
P,Key.space,1724622721834173000
R,Key.space,1724622721883137000
P,'a',1724622723045146000
R,'a',1724622723120955000
P,Key.space,1724622723136039000
R,Key.space,1724622723186590000
P,'s',1724622723308242000
R,'s',1724622723367718000
P,Key.backspace,1724622723774664000
R,Key.backspace,1724622723822063000
P,'b',1724622724736877000
R,'b',1724622724788969000
P,'a',1724622724835400000
R,'a',1724622724920237000
P,'k',1724622724926174000
R,'k',1724622725007172000
P,Key.backspace,1724622726164177000
R,Key.backspace,1724622726218450000
P,'s',1724622726270437000
R,'s',1724622726345379000
P,'k',1724622726461765000
R,'k',1724622726518166000
P,'e',1724622726579602000
R,'e',1724622726644115000
P,'y',1724622726799457000
R,'y',1724622726854226000
P,Key.backspace,1724622727306636000
R,Key.backspace,1724622727368125000
P,'t',1724622727431231000
R,'t',1724622727504879000
P,Key.space,1724622727533693000
R,Key.space,1724622727583749000
P,'p',1724622727717194000
R,'p',1724622727760080000
P,'l',1724622727858269000
R,'l',1724622727926563000
P,'a',1724622727969003000
R,'a',1724622728058059000
P,'y',1724622728062803000
R,'y',1724622728120617000
P,'e',1724622728182346000
R,'e',1724622728239464000
P,'r',1724622728336552000
R,'r',1724622728400834000
P,Key.space,1724622728421510000
R,Key.space,1724622728465591000
P,'h',1724622740827081000
R,'h',1724622740877185000
P,'o',1724622740996686000
R,'o',1724622741064780000
P,'w',1724622741109970000
P,Key.space,1724622741163127000
R,'w',1724622741175230000
R,Key.space,1724622741231876000
P,'t',1724622741305109000
P,'o',1724622741342340000
R,'t',1724622741352702000
R,'o',1724622741393106000
P,Key.space,1724622741464150000
R,Key.space,1724622741537163000
P,'m',1724622744856473000
R,'m',1724622744921619000
P,'a',1724622744951474000
R,'a',1724622745031850000
P,'i',1724622745066145000
R,'i',1724622745127214000
P,'n',1724622745274694000
R,'n',1724622745326911000
P,'t',1724622745701976000
R,'t',1724622745774893000
P,'a',1724622745949640000
R,'a',1724622746032037000
P,'i',1724622746034388000
R,'i',1724622746089408000
P,'n',1724622746146387000
R,'n',1724622746217086000
P,Key.space,1724622746320367000
R,Key.space,1724622746368954000
P,'e',1724622747312764000
R,'e',1724622747377201000
P,'t',1724622747490264000
R,'t',1724622747551131000
P,'i',1724622747614548000
R,'i',1724622747683946000
P,'q',1724622748328071000
R,'q',1724622748399810000
P,'q',1724622748478158000
R,'q',1724622748565160000
P,'u',1724622748593490000
R,'u',1724622748647321000
P,'o',1724622748775008000
R,'o',1724622748846930000
P,'t',1724622748904555000
R,'t',1724622748971410000
P,'e',1724622749234226000
R,'e',1724622749301973000
P,'s',1724622749620945000
R,'s',1724622749683651000
P,Key.space,1724622749719866000
R,Key.space,1724622749766489000
P,Key.space,1724622753640927000
R,Key.space,1724622753711694000
P,'i',1724622754286987000
R,'i',1724622754342539000
P,'n',1724622754438974000
R,'n',1724622754486559000
P,Key.space,1724622754598341000
R,Key.space,1724622754645557000
P,'t',1724622754651699000
R,'t',1724622754731466000
P,'h',1724622754763026000
R,'h',1724622754816066000
P,'e',1724622754848453000
P,Key.space,1724622754905459000
R,'e',1724622754912155000
R,Key.space,1724622754956724000
P,'c',1724622755704390000
R,'c',1724622755776252000
P,'o',1724622755791807000
P,'a',1724622755863471000
R,'o',1724622755866237000
P,'c',1724622755927447000
R,'a',1724622755946975000
P,'h',1724622755986819000
R,'c',1724622756030039000
R,'h',1724622756047696000
P,'i',1724622756125506000
R,'i',1724622756210558000
P,'n',1724622756216159000
R,'n',1724622756262238000
P,'g',1724622756277738000
R,'g',1724622756339222000
P,Key.space,1724622756361743000
R,Key.space,1724622756414526000
P,'c',1724622757924167000
P,'e',1724622757991841000
R,'c',1724622758008141000
R,'e',1724622758078182000
P,'n',1724622758122048000
R,'n',1724622758187971000
P,'t',1724622758292110000
R,'t',1724622758367684000
P,'e',1724622758382784000
R,'e',1724622758454633000
P,'r',1724622758514647000
P,Key.space,1724622758577376000
R,'r',1724622758586774000
R,Key.space,1724622758628961000
P,Key.backspace,1724622772108333000
R,Key.backspace,1724622772169528000
P,Key.backspace,1724622772254599000
R,Key.backspace,1724622772327282000
P,Key.backspace,1724622772395749000
R,Key.backspace,1724622772463766000
P,Key.backspace,1724622772536410000
R,Key.backspace,1724622772609924000
P,Key.backspace,1724622772683834000
R,Key.backspace,1724622772754462000
P,Key.backspace,1724622772823793000
R,Key.backspace,1724622772899052000
P,Key.backspace,1724622772999710000
R,Key.backspace,1724622773055150000
P,'s',1724622773171222000
R,'s',1724622773249859000
P,'c',1724622773303455000
R,'c',1724622773392705000
P,'h',1724622773834458000
R,'h',1724622773898610000
P,'o',1724622774083620000
R,'o',1724622774134500000
P,'o',1724622774433367000
R,'o',1724622774503496000
P,'o',1724622774602996000
R,'o',1724622774682349000
P,'.',1724622774979334000
R,'.',1724622774996701000
P,Key.backspace,1724622775218424000
R,Key.backspace,1724622775278424000
P,Key.backspace,1724622775478548000
R,Key.backspace,1724622775546935000
P,'l',1724622776286309000
R,'l',1724622776340307000
P,'.',1724622776448803000
R,'.',1724622776505658000
P,Key.space,1724622776585379000
R,Key.space,1724622776665609000
P,'x',1724622777198030000
R,'x',1724622777252040000
P,'x',1724622777368365000
R,'x',1724622777420220000
P,'x',1724622777540885000
R,'x',1724622777599743000
P,'x',1724622777713939000
R,'x',1724622777773045000
P,'x',1724622778059071000
R,'x',1724622778111947000
P,'y',1724622778925867000
R,'y',1724622778973598000
P,'y',1724622779092365000
R,'y',1724622779140989000
P,'y',1724622779259540000
R,'y',1724622779311908000
P,'y',1724622779439482000
R,'y',1724622779503936000
P,'y',1724622779662364000
R,'y',1724622779731667000
P,'d',1724622803461445000
R,'d',1724622803570723000
P,'d',1724622804067909000
R,'d',1724622804140038000
P,Key.enter,1724622805861125000
R,Key.enter,1724622805907297000
P,Key.shift,1724622814294968000
P,'W',1724622814534966000
R,Key.shift,1724622814581397000
R,'w',1724622814600091000
P,'i',1724622814629961000
R,'i',1724622814691241000
P,'l',1724622814802933000
R,'l',1724622814866771000
P,'l',1724622814940925000
R,'l',1724622815002071000
P,Key.space,1724622815114123000
R,Key.space,1724622815162330000
P,Key.shift,1724622815371186000
P,'S',1724622815478772000
R,Key.shift,1724622815549767000
R,'s',1724622815584395000
P,'m',1724622815644075000
P,'o',1724622815758285000
R,'m',1724622815771927000
R,'o',1724622815820240000
P,'t',1724622815889947000
R,'t',1724622815955024000
P,Key.backspace,1724622816240716000
R,Key.backspace,1724622816298823000
P,Key.backspace,1724622816685198000
R,Key.backspace,1724622816744808000
P,'i',1724622816890988000
R,'i',1724622816952357000
P,'t',1724622816981481000
R,'t',1724622817045225000
P,'h',1724622817061488000
R,'h',1724622817123607000
P,Key.space,1724622817219419000
R,Key.space,1724622817278856000
P,'s',1724622818150750000
R,'s',1724622818241293000
P,'p',1724622818259068000
R,'p',1724622818315261000
P,'i',1724622818638623000
R,'i',1724622818702635000
P,Key.backspace,1724622819287874000
R,Key.backspace,1724622819346987000
P,Key.backspace,1724622819424768000
R,Key.backspace,1724622819484672000
P,Key.backspace,1724622819566166000
R,Key.backspace,1724622819626528000
P,'e',1724622819844267000
R,'e',1724622819903539000
P,'p',1724622820096748000
R,'p',1724622820159735000
P,'i',1724622820269954000
R,'i',1724622820336028000
P,'s',1724622820714311000
R,'s',1724622820787025000
P,'o',1724622820830680000
R,'o',1724622820897072000
P,'d',1724622820902419000
P,'e',1724622820978705000
R,'d',1724622820989481000
R,'e',1724622821061456000
P,Key.space,1724622821317735000
R,Key.space,1724622821373627000
P,'d',1724622821402901000
R,'d',1724622821486585000
P,'u',1724622821514633000
R,'u',1724622821582631000
P,'r',1724622821591214000
R,'r',1724622821665337000
P,'i',1724622821690328000
P,'n',1724622821770699000
R,'i',1724622821798505000
R,'n',1724622821822147000
P,'g',1724622821830358000
R,'g',1724622821883376000
P,Key.space,1724622821949159000
R,Key.space,1724622821983459000
P,'h',1724622831702879000
R,'h',1724622831780510000
P,'i',1724622831828708000
R,'i',1724622831895307000
P,'s',1724622831983289000
P,Key.space,1724622832016666000
R,Key.space,1724622832037037000
R,'s',1724622832054768000
P,Key.backspace,1724622833080318000
R,Key.backspace,1724622833167674000
P,Key.backspace,1724622833250766000
R,Key.backspace,1724622833314961000
P,Key.backspace,1724622833399055000
R,Key.backspace,1724622833458236000
P,Key.backspace,1724622833557137000
R,Key.backspace,1724622833618290000
P,'t',1724622833762267000
R,'t',1724622833831865000
P,'h',1724622833850769000
R,'h',1724622833906904000
P,'e',1724622833948418000
R,'e',1724622834025012000
P,Key.space,1724622834031584000
R,Key.space,1724622834069385000
P,'a',1724622834378349000
R,'a',1724622834517678000
P,'w',1724622834653814000
P,'a',1724622834694681000
R,'w',1724622834741497000
R,'a',1724622834816765000
P,'r',1724622834924610000
R,'r',1724622835001637000
P,'d',1724622835115915000
R,'d',1724622835177094000
P,Key.space,1724622835207192000
R,Key.space,1724622835258897000
P,'c',1724622835600036000
R,'c',1724622835687204000
P,'e',1724622835694771000
R,'e',1724622835761908000
P,'r',1724622836037920000
R,'r',1724622836097254000
P,'e',1724622836210573000
R,'e',1724622836274753000
P,'m',1724622836299068000
P,'o',1724622836359018000
R,'m',1724622836403139000
R,'o',1724622836457923000
P,'n',1724622836587617000
R,'n',1724622836651328000
P,'e',1724622836956223000
R,'e',1724622837024847000
P,'y',1724622837050390000
R,'y',1724622837111118000
P,Key.backspace,1724622837616705000
R,Key.backspace,1724622837662429000
P,Key.backspace,1724622837751347000
R,Key.backspace,1724622837811007000
P,'y',1724622837970642000
R,'y',1724622838024995000
P,Key.space,1724622838134587000
R,Key.space,1724622838192234000
P,'b',1724622841697519000
R,'b',1724622841758425000
P,'r',1724622841809649000
R,'r',1724622841884009000
P,'o',1724622841915141000
R,'o',1724622841983320000
P,'u',1724622842109233000
R,'u',1724622842173146000
P,'g',1724622842226115000
R,'g',1724622842286881000
P,'h',1724622842297702000
R,'h',1724622842358024000
P,'t',1724622842820278000
R,'t',1724622842877980000
P,Key.space,1724622842902331000
R,Key.space,1724622842963321000
P,'a',1724622843054861000
P,Key.space,1724622843118493000
R,'a',1724622843121731000
R,Key.space,1724622843161812000
P,'l',1724622843306257000
R,'l',1724622843371224000
P,'o',1724622843475748000
R,'o',1724622843549156000
P,'t',1724622843570006000
R,'t',1724622843645715000
P,Key.space,1724622843667514000
R,Key.space,1724622843716330000
P,'o',1724622843811701000
R,'o',1724622843876043000
P,'f',1724622843883014000
R,'f',1724622843930341000
P,Key.space,1724622843960809000
R,Key.space,1724622844029986000
P,'l',1724622844155870000
R,'l',1724622844219794000
P,'i',1724622844327275000
R,'i',1724622844387270000
P,'m',1724622845577140000
R,'m',1724622845621991000
P,'e',1724622845696220000
R,'e',1724622845749689000
P,Key.space,1724622845934724000
R,Key.space,1724622845978836000
P,'l',1724622846287007000
R,'l',1724622846371112000
P,'i',1724622846507467000
R,'i',1724622846580643000
P,'g',1724622846622758000
R,'g',1724622846683792000
P,'h',1724622846711892000
R,'h',1724622846771841000
P,'t',1724622846788213000
R,'t',1724622846844463000
P,Key.space,1724622846907379000
R,Key.space,1724622846965741000
P,'a',1724622847262062000
P,'n',1724622847329187000
R,'a',1724622847339797000
R,'n',1724622847392818000
P,'d',1724622847407256000
P,Key.space,1724622847484201000
R,'d',1724622847491724000
R,Key.space,1724622847540114000
P,'a',1724622847632777000
R,'a',1724622847705440000
P,'t',1724622847741187000
R,'t',1724622847800150000
P,'t',1724622847881320000
R,'t',1724622847945807000
P,'e',1724622847979380000
R,'e',1724622848051837000
P,'n',1724622848095349000
R,'n',1724622848163625000
P,'t',1724622848448713000
R,'t',1724622848521382000
P,'i',1724622848544930000
R,'i',1724622848609472000
P,'o',1724622848683773000
R,'o',1724622848740859000
P,'n',1724622848794317000
R,'n',1724622848853762000
P,Key.space,1724622848908825000
R,Key.space,1724622848969443000
P,Key.backspace,1724622852690709000
R,Key.backspace,1724622852821612000
P,Key.backspace,1724622852959072000
R,Key.backspace,1724622853026880000
P,'l',1724622853618543000
R,'l',1724622853675427000
P,Key.ctrl,1724622857282785000
R,Key.ctrl,1724622857800603000
P,Key.cmd,1724622858481215000
P,'c',1724622858749205000
R,'c',1724622859109818000
R,Key.cmd,1724622859213591000
P,Key.cmd,1724622861468132000
P,'v',1724622861703232000
R,'v',1724622861910010000
R,Key.cmd,1724622862033915000
P,'\',1724622862555984000
R,'\',1724622862710902000
P,Key.backspace,1724622863291843000
R,Key.backspace,1724622863405631000
P,Key.space,1724622863643933000
R,Key.space,1724622863730852000
P,'m',1724622863846789000
R,'m',1724622863926938000
P,Key.backspace,1724622870622493000
R,Key.backspace,1724622870693679000
P,'.',1724622870983571000
R,'.',1724622871039162000
P,Key.space,1724622871204535000
R,Key.space,1724622871264438000
P,'x',1724622871765029000
R,'x',1724622871827588000
P,'x',1724622871961589000
R,'x',1724622872013689000
P,'x',1724622872131469000
R,'x',1724622872173761000
P,'x',1724622872313888000
R,'x',1724622872341499000
P,'x',1724622872734518000
R,'x',1724622872798399000
P,'y',1724622873324885000
R,'y',1724622873387864000
P,'y',1724622873470494000
R,'y',1724622873527632000
P,'y',1724622873609366000
R,'y',1724622873664104000
P,'y',1724622873757183000
R,'y',1724622873805778000
P,'y',1724622873887782000
R,'y',1724622873944661000
P,'d',1724622907177435000
R,'d',1724622907237271000
P,'o',1724622907596590000
R,'o',1724622907652554000
P,'w',1724622907979019000
R,'w',1724622908052194000
P,Key.shift,1724622918995785000
P,'B',1724622919091675000
R,'B',1724622919146066000
R,Key.shift,1724622919197425000
P,'i',1724622919286735000
R,'i',1724622919355689000
P,'d',1724622919448612000
R,'d',1724622919532884000
P,'e',1724622919541645000
R,'e',1724622919656108000
P,'n',1724622919898309000
R,'n',1724622919953691000
P,Key.space,1724622920044060000
R,Key.space,1724622920093878000
P,'d',1724622920157747000
P,'u',1724622920237255000
R,'d',1724622920241819000
R,'u',1724622920302526000
P,'r',1724622920319082000
R,'r',1724622920412458000
P,'i',1724622920418531000
P,'n',1724622920480061000
R,'i',1724622920495613000
R,'n',1724622920545391000
P,'g',1724622920560668000
R,'g',1724622920628255000
P,Key.space,1724622920645091000
R,Key.space,1724622920701232000
P,'h',1724622920926227000
R,'h',1724622920978090000
P,'i',1724622921057605000
R,'i',1724622921113899000
P,'s',1724622921171933000
P,Key.space,1724622921225007000
R,'s',1724622921231130000
R,Key.space,1724622921279113000
P,'v',1724622921366223000
R,'v',1724622921442760000
P,'i',1724622921563023000
R,'i',1724622921618523000
P,'s',1724622921704378000
R,'s',1724622921782065000
P,'i',1724622921791131000
R,'i',1724622921855502000
P,'t',1724622921918031000
R,'t',1724622921989013000
P,Key.space,1724622922036160000
R,Key.space,1724622922087530000
P,'t',1724622922249690000
R,'t',1724622922313956000
P,'o',1724622922342553000
R,'o',1724622922404234000
P,Key.space,1724622922517218000
R,Key.space,1724622922575917000
P,'a',1724622924198561000
R,'a',1724622924263383000
P,'n',1724622924273803000
R,'n',1724622924301322000
P,Key.space,1724622924412686000
R,Key.space,1724622924477410000
P,'i',1724622925215675000
R,'i',1724622925279403000
P,'n',1724622925370193000
R,'n',1724622925420687000
P,'t',1724622925561744000
R,'t',1724622925620057000
P,'e',1724622925668521000
R,'e',1724622925724944000
P,'r',1724622925810941000
R,'r',1724622925869362000
P,'n',1724622925906889000
R,'n',1724622925978486000
P,'a',1724622926025015000
R,'a',1724622926077326000
P,'t',1724622926165673000
R,'t',1724622926232381000
P,'i',1724622926239580000
R,'i',1724622926298787000
P,'o',1724622926381357000
R,'o',1724622926435463000
P,'n',1724622926519470000
R,'n',1724622926567730000
P,Key.space,1724622926691415000
R,Key.space,1724622926743348000
P,'c',1724622926795723000
R,'c',1724622926903595000
P,'o',1724622926928870000
R,'o',1724622926980841000
P,'u',1724622927073249000
P,'n',1724622927131842000
R,'u',1724622927152165000
R,'n',1724622927204412000
P,'t',1724622927270404000
R,'t',1724622927338839000
P,'r',1724622927471685000
R,'r',1724622927537117000
P,'i',1724622927577455000
R,'i',1724622927629440000
P,'e',1724622927681902000
R,'e',1724622927738443000
P,'s',1724622927842856000
R,'s',1724622927914851000
P,Key.space,1724622927935482000
R,Key.space,1724622927979549000
P,Key.backspace,1724622928331497000
R,Key.backspace,1724622928385897000
P,Key.backspace,1724622928468263000
R,Key.backspace,1724622928536116000
P,Key.backspace,1724622928619614000
R,Key.backspace,1724622928688511000
P,Key.backspace,1724622928777780000
R,Key.backspace,1724622928838964000
P,'y',1724622929029445000
R,'y',1724622929089059000
P,Key.space,1724622929220642000
R,Key.space,1724622929261401000
P,'h',1724622929459092000
R,'h',1724622929515460000
P,'i',1724622929675371000
R,'i',1724622929785708000
P,'g',1724622929856733000
R,'g',1724622929925692000
P,'h',1724622929956319000
R,'h',1724622930021950000
P,'l',1724622930492812000
R,'l',1724622930558593000
P,'i',1724622930683178000
R,'i',1724622930735524000
P,'g',1724622930739101000
R,'g',1724622930802725000
P,'h',1724622930858238000
R,'h',1724622930914407000
P,'t',1724622930926919000
R,'t',1724622930991317000
P,Key.space,1724622931055351000
R,Key.space,1724622931107827000
P,'t',1724622931241794000
P,'h',1724622931313619000
R,'t',1724622931316526000
R,'h',1724622931366998000
P,'e',1724622931443309000
R,'e',1724622931503997000
P,Key.space,1724622931505619000
R,Key.space,1724622931543701000
P,Key.shift,1724622931806715000
P,'U',1724622931958512000
R,'U',1724622932023345000
P,'S',1724622932077322000
R,'S',1724622932194457000
R,Key.shift,1724622932310233000
P,"""'""",1724622934599884000
R,"""'""",1724622934655591000
P,'s',1724622934681953000
R,'s',1724622934733281000
P,Key.space,1724622934790630000
R,Key.space,1724622934833077000
P,'s',1724622935006858000
R,'s',1724622935074667000
P,'u',1724622935115390000
R,'u',1724622935175849000
P,'p',1724622935316014000
R,'p',1724622935366260000
P,'p',1724622935463419000
R,'p',1724622935516517000
P,'o',1724622935634683000
R,'o',1724622935687069000
P,'r',1724622935733787000
R,'r',1724622935804406000
P,'t',1724622935919915000
R,'t',1724622935979638000
P,Key.space,1724622936033924000
R,Key.space,1724622936085307000
P,'t',1724622936173569000
P,'o',1724622936231066000
R,'t',1724622936234344000
R,'o',1724622936281072000
P,Key.space,1724622936381135000
R,Key.space,1724622936444818000
P,'t',1724622936616657000
R,'t',1724622936697438000
P,'h',1724622936707964000
R,'h',1724622936755597000
P,'e',1724622936827248000
R,'e',1724622936892935000
P,Key.space,1724622936900954000
R,Key.space,1724622936955718000
P,Key.shift,1724622937095323000
P,'N',1724622937231282000
R,'N',1724622937291221000
P,'A',1724622937531100000
R,'A',1724622937707780000
P,'T',1724622937788252000
R,'T',1724622937850406000
P,'O',1724622938007030000
R,'O',1724622938082422000
R,Key.shift,1724622938231027000
P,Key.space,1724622938283540000
R,Key.space,1724622938324789000
P,'c',1724622938711508000
R,'c',1724622938782765000
P,'o',1724622938800131000
R,'o',1724622938868747000
P,'u',1724622938991787000
P,'n',1724622939027631000
R,'u',1724622939075614000
R,'n',1724622939163246000
P,'t',1724622939202919000
R,'t',1724622939279459000
P,'i',1724622939394108000
R,'i',1724622939485725000
P,'e',1724622939535200000
R,'e',1724622939591633000
P,'s',1724622939708529000
R,'s',1724622939780031000
P,Key.space,1724622939925760000
R,Key.space,1724622939986400000
P,Key.backspace,1724622940229503000
R,Key.backspace,1724622940276418000
P,Key.backspace,1724622940360942000
R,Key.backspace,1724622940411246000
P,Key.backspace,1724622940496996000
R,Key.backspace,1724622940541584000
P,Key.backspace,1724622940629340000
R,Key.backspace,1724622940682386000
P,'r',1724622940757468000
R,'r',1724622940822694000
P,'i',1724622940840139000
R,'i',1724622940895926000
P,'e',1724622940947667000
R,'e',1724622941010545000
P,'s',1724622941095733000
P,'.',1724622941160021000
R,'s',1724622941178789000
R,'.',1724622941218226000
P,'v',1724622946522262000
R,'v',1724622946585711000
P,'i',1724622946609160000
R,'i',1724622946677725000
P,'s',1724622946754255000
R,'s',1724622946858678000
P,'i',1724622946901173000
R,'i',1724622946990590000
P,'t',1724622947068365000
R,'t',1724622947137595000
P,Key.backspace,1724622955013969000
R,Key.backspace,1724622955142596000
P,'e',1724622955271182000
R,'e',1724622955341071000
P,'d',1724622955453649000
R,'d',1724622955539035000
P,Key.space,1724622955571264000
R,Key.space,1724622955654588000
P,'t',1724622955792057000
R,'t',1724622955869230000
P,'h',1724622955909404000
R,'h',1724622955984183000
P,'a',1724622956041638000
R,'a',1724622956119579000
P,'t',1724622956195010000
R,'t',1724622956280370000
P,Key.backspace,1724622959452152000
R,Key.backspace,1724622959513623000
P,Key.backspace,1724622959636756000
R,Key.backspace,1724622959706655000
P,Key.backspace,1724622960240682000
R,Key.backspace,1724622960319494000
P,Key.right,1724622961212390000
R,Key.right,1724622961356659000
P,Key.right,1724622961526780000
R,Key.right,1724622961579229000
P,Key.backspace,1724622961926634000
R,Key.backspace,1724622961987027000
P,Key.backspace,1724622962087103000
R,Key.backspace,1724622962155291000
P,Key.space,1724622962412304000
R,Key.space,1724622962485416000
P,Key.shift,1724622962898697000
P,'U',1724622963274496000
R,'U',1724622963338946000
R,Key.shift,1724622963344695000
P,'n',1724622963435291000
R,'n',1724622963516313000
P,'i',1724622963577660000
R,'i',1724622963659086000
P,'t',1724622963668171000
R,'t',1724622963728340000
P,'e',1724622963837607000
R,'e',1724622963895243000
P,'d',1724622963991636000
R,'d',1724622964052287000
P,Key.space,1724622964071068000
R,Key.space,1724622964123888000
P,Key.shift,1724622964189763000
P,'S',1724622964302036000
R,Key.shift,1724622964410757000
P,'t',1724622964412291000
R,'s',1724622964416764000
R,'t',1724622964459175000
P,'a',1724622964553108000
R,'a',1724622964644133000
P,'t',1724622964657012000
R,'t',1724622964723986000
P,'e',1724622964853143000
R,'e',1724622964911839000
P,'s',1724622965200917000
R,'s',1724622965262482000
P,Key.space,1724622965344402000
R,Key.space,1724622965396899000
P,'w',1724622965838011000
R,'w',1724622965914327000
P,'i',1724622965956429000
R,'i',1724622966024639000
P,'l',1724622966164574000
R,'l',1724622966221265000
P,'l',1724622966303241000
R,'l',1724622966379344000
P,Key.space,1724622972550694000
R,Key.space,1724622972621271000
P,'x',1724622972896050000
R,'x',1724622972964912000
P,'x',1724622973059063000
R,'x',1724622973135797000
P,'x',1724622973234351000
R,'x',1724622973296305000
P,'x',1724622973397697000
R,'x',1724622973475045000
P,'x',1724622974616816000
R,'x',1724622974706589000
P,'y',1724622976232157000
R,'y',1724622976275773000
P,'y',1724622976381009000
R,'y',1724622976431375000
P,'y',1724622976507425000
R,'y',1724622976567674000
P,'y',1724622976651712000
R,'y',1724622976720845000
P,'y',1724622976802989000
R,'y',1724622976835199000
P,'d',1724622999074388000
R,'d',1724622999139516000
P,'o',1724622999143101000
R,'o',1724622999219555000
P,'w',1724622999275543000
R,'w',1724622999341506000
P,'n',1724622999348194000
R,'n',1724622999400495000
P,Key.enter,1724623000786575000
R,Key.enter,1724623000853731000
P,Key.shift,1724623005754348000
P,'I',1724623008891828000
R,Key.shift,1724623008905167000
R,'i',1724623008945693000
P,'t',1724623009037340000
R,'t',1724623009099250000
P,"""'""",1724623009297777000
R,"""'""",1724623009357935000
P,'s',1724623009386296000
R,'s',1724623009443329000
P,Key.space,1724623009492106000
R,Key.space,1724623009546522000
P,'t',1724623010025020000
R,'t',1724623010095938000
P,'h',1724623010112410000
R,'h',1724623010168577000
P,'e',1724623010208438000
P,Key.space,1724623010265010000
R,'e',1724623010270385000
R,Key.space,1724623010321342000
P,'c',1724623010369649000
P,'o',1724623010444086000
R,'c',1724623010445156000
R,'o',1724623010498197000
P,'v',1724623010583997000
R,'v',1724623010660528000
P,Key.backspace,1724623011111123000
R,Key.backspace,1724623011165464000
P,'n',1724623011287633000
R,'n',1724623011354915000
P,'v',1724623011384944000
P,'e',1724623011426967000
R,'v',1724623011447219000
R,'e',1724623011511225000
P,'r',1724623011590473000
R,'r',1724623011666263000
P,'s',1724623011795506000
P,'a',1724623011823185000
R,'s',1724623011849539000
R,'a',1724623011916798000
P,'t',1724623012006759000
P,'i',1724623012057934000
R,'t',1724623012076273000
R,'i',1724623012121103000
P,'o',1724623012194300000
R,'o',1724623012246874000
P,'n',1724623012328544000
R,'n',1724623012387958000
P,Key.space,1724623012500145000
R,Key.space,1724623012550974000
P,'b',1724623013328259000
R,'b',1724623013392679000
P,'e',1724623013492179000
P,'t',1724623013542820000
R,'e',1724623013558594000
R,'t',1724623013618458000
P,'w',1724623013701561000
R,'w',1724623013766675000
P,'e',1724623013889540000
R,'e',1724623013946761000
P,'e',1724623014040969000
P,'n',1724623014084115000
R,'e',1724623014099222000
R,'n',1724623014139979000
P,Key.space,1724623014227871000
R,Key.space,1724623014287521000
P,'c',1724623014337342000
R,'c',1724623014395956000
P,'o',1724623014434096000
P,'a',1724623014488346000
R,'o',1724623014500043000
P,'c',1724623014586055000
R,'a',1724623014628061000
P,'h',1724623014680260000
R,'c',1724623014709396000
R,'h',1724623014717406000
P,Key.space,1724623014861435000
R,Key.space,1724623014912772000
P,'a',1724623015060753000
P,'n',1724623015130877000
R,'a',1724623015137546000
R,'n',1724623015180167000
P,'d',1724623015201384000
P,Key.space,1724623015277889000
R,'d',1724623015295181000
R,Key.space,1724623015317156000
P,'i',1724623015407554000
P,'t',1724623015476083000
R,'i',1724623015482985000
R,'t',1724623015545975000
P,"""'""",1724623015708927000
R,"""'""",1724623015789976000
P,'s',1724623015816191000
R,'s',1724623015885240000
P,Key.space,1724623015928800000
R,Key.space,1724623015977582000
P,'p',1724623016656393000
R,'p',1724623016699422000
P,Key.backspace,1724623017153940000
R,Key.backspace,1724623017205473000
P,'t',1724623017423107000
R,'t',1724623017498715000
P,'e',1724623017532492000
P,'a',1724623017585962000
R,'e',1724623017626934000
P,'m',1724623017647230000
R,'a',1724623017671592000
R,'m',1724623017715763000
P,Key.space,1724623018317565000
R,Key.space,1724623018388714000
P,Key.backspace,1724623018691191000
R,Key.backspace,1724623018747813000
P,'.',1724623020063334000
R,'.',1724623020120541000
P,Key.space,1724623020215692000
R,Key.space,1724623020282163000
P,Key.shift,1724623020459181000
P,'O',1724623020755640000
R,Key.shift,1724623020811164000
R,'o',1724623020815070000
P,'n',1724623020915122000
R,'n',1724623020966688000
P,'e',1724623021002669000
R,'e',1724623021071746000
P,Key.space,1724623021079585000
R,Key.space,1724623021114048000
P,'p',1724623021241683000
R,'p',1724623021292343000
P,'l',1724623021374991000
R,'l',1724623021438610000
P,'a',1724623021458104000
R,'a',1724623021531639000
P,'y',1724623021560224000
R,'y',1724623021629463000
P,'e',1724623021664606000
R,'e',1724623021731619000
P,'r',1724623021819076000
R,'r',1724623021888286000
P,Key.space,1724623021937245000
R,Key.space,1724623021982845000
P,'m',1724623023684000000
P,'i',1724623023761739000
R,'m',1724623023818945000
R,'i',1724623023849743000
P,'s',1724623023884951000
R,'s',1724623023955453000
P,'b',1724623024421902000
R,'b',1724623024477750000
P,'e',1724623024543767000
R,'e',1724623024608995000
P,'h',1724623024644031000
R,'h',1724623024703896000
P,'a',1724623024829976000
R,'a',1724623024899448000
P,'v',1724623025175317000
R,'v',1724623025238393000
P,'e',1724623025288142000
R,'e',1724623025341085000
P,'d',1724623025431595000
R,'d',1724623025484730000
P,Key.space,1724623025511135000
R,Key.space,1724623025558569000
P,'w',1724623026154633000
P,'o',1724623026245515000
R,'w',1724623026254243000
R,'o',1724623026281898000
P,'t',1724623026384564000
R,'t',1724623026448611000
P,Key.backspace,1724623026755780000
R,Key.backspace,1724623026824895000
P,Key.backspace,1724623026874265000
R,Key.backspace,1724623026942400000
P,'i',1724623027081572000
R,'i',1724623027150239000
P,'t',1724623027218106000
R,'t',1724623027278804000
P,'h',1724623027321559000
R,'h',1724623027369058000
P,Key.space,1724623027487759000
R,Key.space,1724623027563622000
P,'t',1724623027564819000
R,'t',1724623027622869000
P,'h',1724623027673763000
R,'h',1724623027727835000
P,'e',1724623027733943000
R,'e',1724623027806819000
P,Key.space,1724623027829338000
R,Key.space,1724623027882184000
P,'c',1724623027940195000
R,'c',1724623027999430000
P,'o',1724623028013151000
R,'o',1724623028082542000
P,'a',1724623028114574000
P,'c',1724623028194680000
R,'a',1724623028231080000
P,'h',1724623028237712000
R,'h',1724623028274575000
R,'c',1724623028301992000
P,Key.space,1724623028410750000
P,'a',1724623028433480000
R,Key.space,1724623028463840000
R,'a',1724623028519014000
P,'d',1724623028568773000
P,'n',1724623028577260000
R,'n',1724623028618911000
R,'d',1724623028648784000
P,Key.space,1724623028723886000
P,'t',1724623028766119000
R,Key.space,1724623028783008000
R,'t',1724623028833453000
P,'h',1724623028886576000
P,'e',1724623028935070000
R,'h',1724623028935882000
R,'e',1724623029002665000
P,Key.space,1724623029026126000
R,Key.space,1724623029078179000
P,'c',1724623029134121000
R,'c',1724623029203124000
P,'o',1724623029227006000
R,'o',1724623029287404000
P,'a',1724623029310510000
R,'a',1724623029400430000
P,'c',1724623029425262000
P,'h',1724623029487475000
R,'c',1724623029511942000
R,'h',1724623029519243000
P,Key.space,1724623029689155000
R,Key.space,1724623029736493000
P,'t',1724623030537544000
R,'t',1724623030607495000
P,'a',1724623030705161000
R,'a',1724623030787461000
P,'i',1724623030810731000
P,'u',1724623030818660000
R,'u',1724623030857662000
R,'i',1724623030865819000
P,'g',1724623030946099000
R,'g',1724623031004452000
P,'h',1724623031020862000
R,'h',1724623031076360000
P,'t',1724623031165170000
R,'t',1724623031221916000
P,Key.space,1724623031319974000
R,Key.space,1724623031392991000
P,'h',1724623031562151000
R,'h',1724623031609280000
P,'i',1724623031678666000
R,'i',1724623031776645000
P,'m',1724623031815484000
R,'m',1724623031892494000
P,Key.space,1724623032003305000
R,Key.space,1724623032056561000
P,'a',1724623032109825000
P,Key.space,1724623032183707000
R,'a',1724623032187773000
R,Key.space,1724623032235565000
P,'l',1724623032390786000
R,'l',1724623032462798000
P,'e',1724623032497963000
R,'e',1724623032552478000
P,'s',1724623032665314000
R,'s',1724623032695703000
P,'s',1724623032805700000
R,'s',1724623032881539000
P,'e',1724623033062780000
R,'e',1724623033129200000
P,Key.backspace,1724623033499957000
R,Key.backspace,1724623033556897000
P,'o',1724623033705466000
P,'r',1724623033762948000
R,'o',1724623033766024000
R,'r',1724623033820000000
P,'.',1724623033889595000
R,'.',1724623033955512000
P,Key.space,1724623034006988000
R,Key.space,1724623034061939000
P,Key.backspace,1724623034349495000
R,Key.backspace,1724623034413140000
P,Key.backspace,1724623034501231000
R,Key.backspace,1724623034552931000
P,Key.backspace,1724623034635120000
R,Key.backspace,1724623034684756000
P,'n',1724623035356100000
R,'n',1724623035415749000
P,'.',1724623035584730000
R,'.',1724623035648334000
P,Key.space,1724623035844451000
R,Key.space,1724623035904464000
P,'x',1724623036525899000
R,'x',1724623036602698000
P,'x',1724623036683968000
R,'x',1724623036749707000
P,'x',1724623036864720000
R,'x',1724623036916998000
P,'x',1724623037019305000
R,'x',1724623037087766000
P,'x',1724623037415828000
R,'x',1724623037507928000
P,'y',1724623037962850000
R,'y',1724623038016418000
P,'y',1724623038112396000
R,'y',1724623038162841000
P,'y',1724623038240367000
R,'y',1724623038309053000
P,'y',1724623038392528000
R,'y',1724623038453589000
P,'y',1724623038524779000
R,'y',1724623038568695000
P,'d',1724623053812272000
R,'d',1724623053880964000
P,'o',1724623053914052000
R,'o',1724623053982696000
P,'q',1724623054029652000
R,'q',1724623054120319000
P,'n',1724623054126071000
R,'n',1724623054183605000
P,Key.enter,1724623054605319000
R,Key.enter,1724623054678997000
P,Key.shift,1724623061411687000
R,Key.shift,1724623061579126000
P,Key.shift,1724623062234020000
P,'W',1724623062473085000
R,'W',1724623062520098000
R,Key.shift,1724623062547345000
P,'i',1724623062585356000
R,'i',1724623062637742000
P,'l',1724623062758517000
R,'l',1724623062806085000
P,'l',1724623062893410000
R,'l',1724623062939728000
P,Key.space,1724623063065747000
R,Key.space,1724623063122037000
P,Key.shift,1724623063414094000
P,'S',1724623063489829000
R,Key.shift,1724623063570932000
P,'m',1724623063609807000
R,'s',1724623063617967000
P,'i',1724623063686324000
R,'m',1724623063720697000
P,'t',1724623063772001000
R,'i',1724623063792351000
R,'t',1724623063844447000
P,'h',1724623063881103000
R,'h',1724623063947147000
P,Key.space,1724623064048614000
R,Key.space,1724623064107297000
P,'g',1724623064502516000
R,'g',1724623064576193000
P,'o',1724623064624593000
R,'o',1724623064692878000
P,'t',1724623064747482000
R,'t',1724623064828211000
P,Key.space,1724623064843598000
R,Key.space,1724623064886970000
P,'a',1724623065238722000
R,'a',1724623065304486000
P,'n',1724623065320955000
R,'n',1724623065381892000
P,'g',1724623065676831000
R,'g',1724623065741697000
P,'r',1724623066326135000
R,'r',1724623066390322000
P,'y',1724623066440323000
R,'y',1724623066501959000
P,Key.space,1724623066612377000
R,Key.space,1724623066672325000
P,'a',1724623066777297000
R,'a',1724623066846382000
P,'t',1724623066863835000
R,'t',1724623066931878000
P,Key.space,1724623067031183000
R,Key.space,1724623067092561000
P,'t',1724623067119507000
R,'t',1724623067183549000
P,'h',1724623067202032000
R,'h',1724623067259399000
P,'e',1724623067284163000
R,'e',1724623067348447000
P,Key.space,1724623067349678000
R,Key.space,1724623067407783000
P,'s',1724623067506991000
P,'h',1724623067551778000
R,'s',1724623067566442000
R,'h',1724623067609977000
P,'o',1724623067702151000
R,'o',1724623067772922000
P,'w',1724623067775121000
R,'w',1724623067829124000
P,'h',1724623068324108000
R,'h',1724623068372444000
P,'o',1724623068475154000
R,'o',1724623068543260000
P,'s',1724623068627130000
R,'s',1724623068695182000
P,'t',1724623068774459000
R,'t',1724623068839350000
P,Key.space,1724623068862698000
R,Key.space,1724623068914686000
P,Key.backspace,1724623069219715000
R,Key.backspace,1724623069262524000
P,Key.backspace,1724623069342822000
R,Key.backspace,1724623069403112000
P,Key.backspace,1724623069492855000
R,Key.backspace,1724623069545945000
P,Key.backspace,1724623069630556000
R,Key.backspace,1724623069682418000
P,Key.backspace,1724623069765908000
R,Key.backspace,1724623069867248000
P,Key.space,1724623070014183000
R,Key.space,1724623070093599000
P,'h',1724623070225058000
R,'h',1724623070282890000
P,'o',1724623070402308000
R,'o',1724623070467856000
P,'s',1724623070662584000
R,'s',1724623070734804000
P,'t',1724623070848771000
R,'t',1724623070912574000
P,Key.space,1724623071105608000
R,Key.space,1724623071162290000
P,'w',1724623071673084000
R,'w',1724623071742317000
P,'h',1724623071758816000
R,'h',1724623071815260000
P,'e',1724623071869538000
P,'n',1724623071923113000
R,'e',1724623071928281000
R,'n',1724623071982638000
P,Key.space,1724623072071121000
R,Key.space,1724623072131828000
P,'h',1724623072249494000
R,'h',1724623072310056000
P,'e',1724623072320616000
R,'e',1724623072385112000
P,Key.space,1724623072420724000
R,Key.space,1724623072461731000
P,'m',1724623072585069000
R,'m',1724623072635715000
P,'a',1724623072641872000
R,'a',1724623072722877000
P,'d',1724623072794257000
P,'e',1724623072886796000
R,'d',1724623072916230000
R,'e',1724623072985221000
P,Key.space,1724623073044470000
R,Key.space,1724623073108569000
P,'r',1724623073358202000
R,'r',1724623073429413000
P,'e',1724623073523979000
R,'e',1724623073576610000
P,'m',1724623073941375000
R,'m',1724623074017959000
P,'a',1724623074024153000
R,'a',1724623074108127000
P,'r',1724623074187373000
R,'r',1724623074253750000
P,'k',1724623074292068000
R,'k',1724623074359641000
P,'s',1724623074418114000
R,'s',1724623074479885000
P,Key.space,1724623074525919000
R,Key.space,1724623074571195000
P,'a',1724623074760651000
R,'a',1724623074852934000
P,'b',1724623074873114000
R,'b',1724623074932942000
P,'o',1724623075066341000
R,'o',1724623075125232000
P,'u',1724623075224221000
R,'u',1724623075283882000
P,'t',1724623075292579000
R,'t',1724623075348375000
P,Key.space,1724623075397088000
R,Key.space,1724623075455332000
P,'h',1724623075581862000
R,'h',1724623075638243000
P,'i',1724623075685044000
P,'s',1724623075717192000
R,'i',1724623075743773000
R,'s',1724623075783397000
P,Key.space,1724623075862390000
R,Key.space,1724623075913849000
P,'w',1724623075996932000
R,'w',1724623076047126000
P,'i',1724623076103087000
R,'i',1724623076172113000
P,'f',1724623076235208000
R,'f',1724623076331563000
P,'e',1724623076477516000
R,'e',1724623076554828000
P,'.',1724623077197408000
R,'.',1724623077257739000
P,Key.space,1724623077677962000
R,Key.space,1724623077737859000
P,'x',1724623078219084000
R,'x',1724623078292650000
P,'x',1724623078383234000
R,'x',1724623078455096000
P,'x',1724623078531741000
R,'x',1724623078612347000
P,'x',1724623078672159000
R,'x',1724623078744890000
P,'x',1724623079281698000
R,'x',1724623079345617000
P,'y',1724623079972717000
R,'y',1724623080032101000
P,'y',1724623080130451000
R,'y',1724623080179108000
P,'y',1724623080286409000
R,'y',1724623080325456000
P,'y',1724623080425884000
R,'y',1724623080485455000
P,'y',1724623080572008000
R,'y',1724623080639352000
P,'d',1724623121048644000
R,'d',1724623121138527000
P,'o',1724623121196738000
R,'o',1724623121265198000
P,'w',1724623121350638000
R,'w',1724623121435699000
P,'n',1724623121449819000
R,'n',1724623121508585000
P,Key.enter,1724623122164919000
R,Key.enter,1724623122285700000
P,Key.shift,1724623151248497000
P,'B',1724623151392129000
R,'B',1724623151450871000
R,Key.shift,1724623151490023000
P,'i',1724623151562944000
R,'i',1724623151634132000
P,'d',1724623151651529000
R,'d',1724623151726229000
P,'e',1724623151746300000
P,'n',1724623151823096000
R,'e',1724623151843321000
R,'n',1724623151887127000
P,Key.space,1724623152000877000
R,Key.space,1724623152063992000
P,'s',1724623152697175000
R,'s',1724623152769332000
P,'t',1724623152883339000
R,'t',1724623152953675000
P,'r',1724623153058069000
P,'o',1724623153104504000
R,'r',1724623153116573000
R,'o',1724623153164488000
P,'n',1724623153261801000
R,'n',1724623153326983000
P,'g',1724623153366712000
R,'g',1724623153415292000
P,'l',1724623153447848000
R,'l',1724623153535243000
P,Key.backspace,1724623153887254000
R,Key.backspace,1724623153927654000
P,Key.backspace,1724623154428668000
R,Key.backspace,1724623154466559000
P,Key.backspace,1724623154566394000
R,Key.backspace,1724623154618906000
P,Key.backspace,1724623154708878000
R,Key.backspace,1724623154757832000
P,Key.backspace,1724623154849572000
R,Key.backspace,1724623154901756000
P,Key.backspace,1724623154987138000
R,Key.backspace,1724623155043637000
P,Key.backspace,1724623155128387000
R,Key.backspace,1724623155173053000
P,'s',1724623156009807000
P,'u',1724623156075670000
R,'s',1724623156081809000
R,'u',1724623156122723000
P,'p',1724623156262865000
R,'p',1724623156310648000
P,'p',1724623156415782000
R,'p',1724623156465653000
P,'o',1724623156570488000
R,'o',1724623156617154000
P,'r',1724623156618956000
R,'r',1724623156682633000
P,'t',1724623156753052000
R,'t',1724623156829828000
P,Key.backspace,1724623157238608000
R,Key.backspace,1724623157298548000
P,Key.backspace,1724623157377069000
R,Key.backspace,1724623157439190000
P,Key.backspace,1724623157505791000
R,Key.backspace,1724623157554649000
P,Key.backspace,1724623157639710000
R,Key.backspace,1724623157692945000
P,Key.backspace,1724623157780608000
R,Key.backspace,1724623157826074000
P,Key.backspace,1724623157902350000
R,Key.backspace,1724623157966970000
P,Key.backspace,1724623158043440000
R,Key.backspace,1724623158107000000
P,'e',1724623158199823000
R,'e',1724623158250422000
P,'x',1724623158370132000
R,'x',1724623158439188000
P,'p',1724623158452951000
R,'p',1724623158529927000
P,'r',1724623158601105000
R,'r',1724623158672660000
P,'e',1724623158759806000
R,'e',1724623158824920000
P,'s',1724623158947565000
R,'s',1724623159005249000
P,'s',1724623159107672000
R,'s',1724623159168224000
P,'e',1724623159470387000
R,'e',1724623159510318000
P,'d',1724623159609836000
R,'d',1724623159674195000
P,Key.space,1724623159684905000
R,Key.space,1724623159729207000
P,'s',1724623160044524000
R,'s',1724623160096524000
P,'u',1724623160205202000
R,'u',1724623160275633000
P,'p',1724623160410052000
R,'p',1724623160463217000
P,'p',1724623160554535000
R,'p',1724623160607606000
P,'o',1724623160708240000
R,'o',1724623160764177000
P,'r',1724623160821409000
R,'r',1724623160873535000
P,'t',1724623160977818000
R,'t',1724623161022144000
P,Key.space,1724623161077886000
R,Key.space,1724623161123800000
P,'f',1724623161802324000
R,'f',1724623161866145000
P,'o',1724623161890690000
R,'o',1724623161949877000
P,'r',1724623161978813000
R,'r',1724623162041496000
P,Key.space,1724623162058406000
R,Key.space,1724623162116884000
P,'t',1724623162154084000
R,'t',1724623162220046000
P,'h',1724623162230968000
R,'h',1724623162294705000
P,'e',1724623162321447000
R,'e',1724623162375207000
P,Key.space,1724623162390917000
R,Key.space,1724623162448410000
P,Key.shift,1724623163881180000
P,'N',1724623164206416000
R,'N',1724623164256906000
P,'A',1724623164468148000
R,'A',1724623164592368000
P,'T',1724623164656099000
R,'T',1724623164716700000
P,'O',1724623164859095000
R,'O',1724623164932915000
R,Key.shift,1724623165023748000
P,Key.space,1724623165031522000
R,Key.space,1724623165096946000
P,'c',1724623165126495000
R,'c',1724623165196904000
P,'o',1724623165231001000
R,'o',1724623165291705000
P,'u',1724623165401810000
R,'u',1724623165470404000
P,'n',1724623165478867000
R,'n',1724623165565151000
P,'t',1724623165579944000
R,'t',1724623165644434000
P,'r',1724623166136381000
R,'r',1724623166203986000
P,'i',1724623166215166000
R,'i',1724623166296149000
P,'e',1724623166335527000
R,'e',1724623166398366000
P,'s',1724623166504185000
R,'s',1724623166582423000
P,Key.space,1724623166587123000
R,Key.space,1724623166635600000
P,'d',1724623166783086000
R,'d',1724623166849639000
P,'u',1724623166869968000
R,'u',1724623166925894000
P,'r',1724623166979875000
R,'r',1724623167046349000
P,'i',1724623167056909000
P,'n',1724623167161517000
R,'i',1724623167177637000
R,'n',1724623167216694000
P,'g',1724623167231942000
R,'g',1724623167289153000
P,Key.space,1724623167316956000
R,Key.space,1724623167369752000
P,'h',1724623167956856000
R,'h',1724623168008964000
P,'i',1724623168077403000
R,'i',1724623168157917000
P,'s',1724623168209352000
R,'s',1724623168282084000
P,Key.space,1724623168290631000
R,Key.space,1724623168340515000
P,'v',1724623168438005000
R,'v',1724623168506777000
P,'i',1724623168544614000
R,'i',1724623168609633000
P,'s',1724623168663851000
R,'s',1724623168744402000
P,'i',1724623168777725000
R,'i',1724623168850817000
P,'t',1724623168887461000
R,'t',1724623168952411000
P,Key.space,1724623168991141000
R,Key.space,1724623169042568000
P,Key.backspace,1724623169341357000
R,Key.backspace,1724623169401572000
P,Key.backspace,1724623169483782000
R,Key.backspace,1724623169524191000
P,Key.backspace,1724623169610396000
R,Key.backspace,1724623169636815000
P,Key.backspace,1724623169805197000
R,Key.backspace,1724623169869299000
P,Key.backspace,1724623169948531000
R,Key.backspace,1724623170010486000
P,Key.backspace,1724623170083857000
R,Key.backspace,1724623170155750000
P,'i',1724623170546508000
R,'i',1724623170623460000
P,'n',1724623170668407000
R,'n',1724623170752773000
P,'t',1724623170871864000
R,'t',1724623170936952000
P,'e',1724623170974715000
R,'e',1724623171038341000
P,'r',1724623171102468000
R,'r',1724623171175007000
P,'n',1724623171185787000
R,'n',1724623171242557000
P,'a',1724623171340865000
R,'a',1724623171423288000
P,'t',1724623171520879000
R,'t',1724623171582809000
P,'i',1724623171595079000
P,'u',1724623171605635000
R,'u',1724623171638923000
R,'i',1724623171649387000
P,'o',1724623171728113000
R,'o',1724623171795014000
P,'n',1724623171875750000
R,'n',1724623171929976000
P,Key.backspace,1724623172173223000
R,Key.backspace,1724623172224393000
P,Key.backspace,1724623172299126000
R,Key.backspace,1724623172355933000
P,Key.backspace,1724623172433230000
R,Key.backspace,1724623172502459000
P,Key.backspace,1724623172571839000
R,Key.backspace,1724623172643329000
P,'i',1724623173114378000
R,'i',1724623173174520000
P,'o',1724623173275438000
R,'o',1724623173340484000
P,'n',1724623173421772000
R,'n',1724623173472365000
P,'a',1724623173873176000
P,'l',1724623173941017000
R,'a',1724623173955377000
R,'l',1724623174007799000
P,Key.space,1724623174104900000
R,Key.space,1724623174161034000
P,'v',1724623174535517000
R,'v',1724623174613660000
P,'i',1724623174615375000
R,'i',1724623174680942000
P,'s',1724623174770998000
P,'i',1724623174835433000
R,'s',1724623174845898000
R,'i',1724623174898065000
P,'t',1724623174979057000
R,'t',1724623175039876000
P,'s',1724623175351748000
R,'s',1724623175424903000
P,'.',1724623175431684000
R,'.',1724623175490468000
P,Key.space,1724623175540901000
R,Key.space,1724623175630732000
P,Key.backspace,1724623176792871000
R,Key.backspace,1724623176850080000
P,Key.backspace,1724623176931327000
R,Key.backspace,1724623176993446000
P,Key.backspace,1724623177691789000
R,Key.backspace,1724623177803662000
P,'.',1724623178569059000
R,'.',1724623178612770000
P,Key.space,1724623178752810000
R,Key.space,1724623178800700000
P,Key.shift,1724623179131337000
R,Key.shift,1724623179218480000
P,'x',1724623179574050000
R,'x',1724623179632547000
P,'x',1724623179722811000
R,'x',1724623179804380000
P,'x',1724623179884513000
R,'x',1724623179953020000
P,'x',1724623180033560000
R,'x',1724623180094463000
P,'x',1724623180698441000
R,'x',1724623180762246000
P,'y',1724623180842600000
R,'y',1724623180906959000
P,'y',1724623181032988000
R,'y',1724623181084893000
P,'y',1724623181188452000
R,'y',1724623181235023000
P,'y',1724623181345768000
R,'y',1724623181379156000
P,'y',1724623181478386000
R,'y',1724623181539351000
P,Key.ctrl,1724623189481472000
P,'c',1724623189754966000
